betaName,status,currentName,betaPlaza,currentPlaza,betaCategory,currentCategory,locationChanged,statusChanged,nameChanged,categoryChanged,newRecord,notes
Carl's Jr,likely_active,Carl's Jr.,Xentric Anáhuac,Xentric Anáhuac,Hamburguesas,Hamburguesas,false,false,true,false,false,Tienda de delivery de la sucursal y ficha de directorio local fechada en 2026. Plaza tomada del beta (sin confirmar).
Mirrus Kitchen,likely_active,Mirrus Kitchen,Xentric Anáhuac,Xentric Anáhuac,Bistró,Desayunos y café,false,false,false,true,false,Redes oficiales y dirección coincidente en Xentric Anáhuac (local 105 en directorio).
A'Kilos de Cecina,active,A'Kilos de Cecina,Xentric Anáhuac,Xentric Anáhuac,Tacos y antojitos,Tacos y antojitos,false,false,false,false,false,Publicación oficial del 2026-04-02 y dirección en Xentric Anáhuac (local 108) en plataforma.
Husky's Ice Cream,likely_active,Husky's Ice Cream,Xentric Anáhuac,Xentric Anáhuac,Postres,Postres,false,false,false,false,false,La web oficial cita una sucursal en Zibatá (no legible: 403). Plaza del beta.
Boba Station,likely_active,Boba Station Tapioca Bar,Xentric Anáhuac,Xentric Anáhuac,Bebidas,Bebidas,false,false,true,false,false,"Tienda de la sucursal Zibatá (local 55-118), redes de la marca y mención en guía local de agosto de 2026 ('Estación Boba')."
Origenatural,likely_active,Origen Natural,Xentric Anáhuac,Xentric Anáhuac,Saludable y bowls,Saludable y bowls,false,false,true,false,false,Cuentas oficiales de la sucursal Zibatá y dirección en Xentric Anáhuac (local 115).
Ciao Bella,likely_active,Ciao Bella Trattoria,Xentric Anáhuac,Xentric Anáhuac,Italiana,Italiana,false,true,true,false,false,"Beta inactivo; la web oficial, redes, delivery y directorio (Pitahayas 55, local 121) indican operación."
Sushi Itto,active,Sushi Itto,Xentric Anáhuac,Xentric Anáhuac,Asiática,Asiática,false,false,false,false,false,Anuncio oficial de la sucursal Xentric Anáhuac y reseñas de los últimos 90 días en plataforma.
Subway,likely_active,Subway,Xentric Anáhuac,Xentric Anáhuac,Sándwiches y deli,Sándwiches y deli,false,false,false,false,false,Dos fuentes independientes coinciden en el local 126 de Xentric Anáhuac; ficha local fechada en 2026.
Good Morning Coffee,likely_active,Good Morning Coffee,Xentric Anáhuac,Xentric Anáhuac,Desayunos y café,Desayunos y café,false,false,false,false,false,Redes oficiales etiquetadas en Xentric Anáhuac; sin evidencia fechada reciente.
Tortas Fifthy Fifthy,active,Tortas Fifthy Fifthy,Xentric Anáhuac,Xentric Anáhuac,Sándwiches y deli,Sándwiches y deli,false,false,false,false,false,"Página oficial de pedidos de la sucursal Zibatá, actividad oficial (2025-09-20) y dos fuentes locales de 2026."
Rometta,likely_active,Rometta Gastrobar,Xentric Anáhuac,Xentric Anáhuac,Italiana,Bistró,false,false,true,true,false,Redes oficiales y tienda de la sucursal Zibatá; plaza citada Xentric Anáhuac.
Domino's,likely_active,Domino's,Xentric Anáhuac,Xentric Anáhuac,Pizza,Pizza,false,false,false,false,false,Tres plataformas y ficha local fechada en 2026 coinciden en teléfono; plaza del beta sin confirmar.
La 880,active,La 880 Alitas y Pisto,Xentric Anáhuac,Xentric Anáhuac,Bar y pub,Pollo y alitas,false,false,true,true,false,Página oficial de pedidos de la sucursal Zibata y mención en guía local de agosto de 2026; local 123 de Pitahayas 55.
Lion Reef,active,Lion Reef Sea & Bar,Xentric Anáhuac,Xentric Anáhuac,Bar y pub,Mariscos,false,false,true,true,false,Reel oficial '¡Ya abrimos!' del 2025-12-09; ubicación citada en Plaza Xentric Anáhuac.
Wicklow Irish Pub,likely_active,Wicklow Irish Pub,Xentric Anáhuac,Xentric Anáhuac,Bar y pub,Bar y pub,false,false,false,false,false,"Página oficial de la sucursal y dirección en Pitahayas 55 A, int. 205; última publicación fechada de 2023."
Birria Los Esposos,likely_active,Birria Los Esposos,Xentric Anáhuac,Xentric Anáhuac,Tacos y antojitos,Tacos y antojitos,false,false,false,false,false,Anuncio oficial de apertura de la sucursal Zibatá; ubicación citada en Xentric Anáhuac.
Los Morros de Sonora,likely_active,Los Morros de Sonora,Xentric Anáhuac,Xentric Anáhuac,Tacos y antojitos,Tacos y antojitos,false,true,false,false,false,"Beta inactivo; web y redes oficiales y tienda de la sucursal Zibatá (Pitahayas 55, local 229)."
Tacos Los Tarascos,likely_active,Los Tarascos Taquería,Xentric Anáhuac,Xentric Anáhuac,Tacos y antojitos,Tacos y antojitos,false,false,true,false,false,"Página oficial de la sucursal con plaza, número interior y teléfono."
,active,Pizca de Azúcar,,Xentric Anáhuac,,Postres,false,false,false,false,true,"Web oficial con dirección, local y horario de la sucursal; guía local de agosto de 2026."
Tim Hortons,likely_active,Tim Hortons,Anáhuac Querétaro,Anáhuac Querétaro,Desayunos y café,Desayunos y café,false,false,false,false,false,Localizador oficial (sucursal 056) con dirección y horario; sin corroboración fechada.
Sinforosa,active,Sinforosa Café,Paseo Zibatá,Paseo Zibatá,Bistró,Desayunos y café,false,false,true,true,false,"Directorio oficial de Paseo Zibatá, ficha local (2026-08-15) y guía local (2026-08-10)."
Cebichería del Día,likely_active,Cebichería del Día,Paseo Zibatá,Paseo Zibatá,Mariscos,Mariscos,false,false,false,false,false,"Reel del desarrollador Zibatá (2025-04-01), cuenta oficial y dos plataformas con la sucursal; dirección Pitahayas 501."
D’Lu Coffee & Bakery,likely_active,D’Lu Coffee & Bakery,Paseo Zibatá,Paseo Zibatá,Desayunos y café,Desayunos y café,false,false,false,false,false,Cuenta oficial y directorio con 129 votos; plaza asignada por directorio algorítmico y beta.
Mr. Miches,likely_active,Mr. Miches,Paseo Zibatá,Paseo Zibatá,Bar y pub,Bar y pub,false,false,false,false,false,"Cuenta oficial, directorio con dirección en Paseo Zibatá (locales 17-19) y mención comunitaria."
Sylvius,likely_active,Sylvius Cocktail & Cocina,Paseo Zibatá,Paseo Zibatá,Bar y pub,Bar y pub,false,false,true,false,false,Bienvenida oficial de Paseo Zibatá (2024-03-06) y publicación oficial con teléfono de reservaciones.
Currucucú,likely_active,Currucucú Cocina Artesanal Mexicana,Paseo Zibatá,Paseo Zibatá,Mexicana,Mexicana,false,false,true,false,false,"Directorio oficial de la plaza, web oficial y tienda 'Sucursal Zibatá'."
Luka Pokes,likely_active,Luka,Paseo Zibatá,Paseo Zibatá,Saludable y bowls,Saludable y bowls,false,false,true,false,false,Directorio oficial ('Luka') y página oficial en Plaza Paseo Zibatá; publicaciones oficiales antiguas y un directorio lo clasifica como bar.
Las Memelas de la Rana,likely_active,Las Memelas de la Rana,Paseo Zibatá,Paseo Zibatá,Tacos y antojitos,Tacos y antojitos,false,false,false,false,false,"Directorio oficial, varias publicaciones de la plaza oficial y web propia."
Holy Kebabs,active,Holy Kebabs,Paseo Zibatá,Paseo Zibatá,Sándwiches y deli,Sándwiches y deli,false,false,false,false,false,Cuenta oficial de la sucursal Zibatá y publicación independiente del 2026-02-22. Plaza del beta sin confirmar.
Carnitas Don Toño,likely_active,Carnitas Don Toño,Paseo Zibatá,Paseo Zibatá,Carne y parrilla,Carne y parrilla,false,false,false,false,false,Directorio oficial de la plaza y página oficial de la sucursal.
Masaru,active,Masaru Sushi & Beer,Paseo Zibatá,Paseo Zibatá,Asiática,Asiática,false,false,true,false,false,"Web oficial con dirección (Paseo Zibatá, local 6) y guía local de agosto de 2026. Teléfono y WhatsApp de la sucursal Zibatá tomados de la propia web oficial (2026-09-15); no publica horarios."
Tomassa,likely_active,Tomassa Almacén de Pastas,Paseo Zibatá,Paseo Zibatá,Italiana,Italiana,false,false,true,false,false,Redes oficiales y directorio en Plaza Paseo Zibatá (local 5).
La Michoacana,likely_active,La Michoacana,Paseo Zibatá,Paseo Zibatá,Postres,Postres,false,false,false,false,false,Figura en el directorio oficial de Paseo Zibatá (sin fecha).
Al Grano,likely_active,Al Grano Maíz & Snacks,Paseo Zibatá,Paseo Zibatá,Tacos y antojitos,Tacos y antojitos,false,false,true,false,false,Redes oficiales y directorio en Plaza Paseo Zibatá.
Tacos la Chusma,active,Tacos la Chusma,Paseo Zibatá,Paseo Zibatá,Tacos y antojitos,Tacos y antojitos,false,false,false,false,false,"Directorio oficial, ficha local (2026-08-21) y guía local (2026-08-10)."
El Hornero,likely_active,El Hornero,Paseo Zibatá,Paseo Zibatá,Carne y parrilla,Carne y parrilla,false,false,false,false,false,"Directorio oficial, web oficial y video oficial de la sucursal Zibatá."
Birria Jauregui,active,Birria Jáuregui,Paseo Zibatá,Paseo Zibatá,Carne y parrilla,Tacos y antojitos,false,false,true,true,false,"Directorio oficial, publicación oficial en la plaza y guía local de agosto de 2026."
Bistrot Marino,likely_active,Bistrot Marino,Paseo Zibatá,Paseo Zibatá,Mariscos,Mariscos,false,false,false,false,false,"Redes oficiales, directorio local y difusión institucional (2024-07-19) en Plaza Paseo Zibatá, segundo piso."
Ramen Express,likely_active,Ramen Express,Paseo Zibatá,Paseo Zibatá,Asiática,Asiática,false,false,false,false,false,Apertura oficial en Paseo Zibatá (2024-10-28) difundida por la plaza.
,likely_active,La Gaspachería Tradicional,,Paseo Zibatá,,Tacos y antojitos,false,false,false,false,true,"Directorio oficial de la plaza, web y redes oficiales."
,likely_active,Panadería Santa Fe,,Paseo Zibatá,,Desayunos y café,false,false,false,false,true,Directorio oficial de la plaza (planta alta) y página de la marca en Querétaro.
,likely_active,Tacos La Capilla,,Paseo Zibatá,,Tacos y antojitos,false,false,false,false,true,Publicación de la plaza oficial y dos directorios; no figura en el directorio web de la plaza.
Ñam Ñam,likely_active,Ñam Ñam Sushi,Condesa,Condesa,Asiática,Asiática,false,false,true,false,false,"La web oficial lista 'Sucursal Zibatá'; dirección citada en Plaza Riscos Condesa, local 100."
Carly Tacos de Pescado,likely_active,Tacos Carly,Condesa,Condesa,Tacos y antojitos,Mariscos,false,false,true,true,false,"Cuenta oficial (2024-12-12), dos plataformas y directorio en Plaza Riscos Condesa."
Arepanas,likely_active,Arepanas Mx,Condesa,Condesa,Tacos y antojitos,Tacos y antojitos,false,false,true,false,false,Dos fuentes independientes (una de 2026) coinciden en teléfono y en Plaza Riscos Condesa (Pitahayas 9 B).
Romani Pizzas,likely_active,Romani Pizzas y Ensaladas,Condesa,Condesa,Pizza,Pizza,false,false,true,false,false,Página oficial en El Marqués y tienda en Plaza Condesa Zibatá.
Casa Vieja,likely_active,Taquería Casa Vieja,Condesa,Condesa,Tacos y antojitos,Tacos y antojitos,false,false,true,false,false,Página oficial de la sucursal Zibatá y tienda de delivery; plaza del beta sin confirmar (la sede original está en Zákia).
Bendito Bocado,likely_active,Bendito Bocado,Condesa,Condesa,Bistró,Bistró,false,false,false,false,false,Página oficial con dirección Paseo de las Pitahayas 9-B (frente a la Anáhuac). Sin descripción verificable del tipo de cocina.
Burger & Fries,likely_active,Burger & Fries Forever,Plaza Walmart,Condesa,Hamburguesas,Hamburguesas,true,true,true,false,false,"Beta inactivo y en 'Plaza Walmart'. Tienda con dirección en Plaza Condesa, local 111, y redes oficiales en El Marqués."
Bocuze,active,Bocuze Bistró Café,Xentric Zibatá,Xentric Zibatá,Bistró,Bistró,false,false,true,false,false,Directorio oficial (locales 101-103) y ficha local de 2026 con el mismo teléfono.
Bee Waffle,likely_active,BeeWaffle,Xentric Zibatá,Xentric Zibatá,Desayunos y café,Desayunos y café,false,false,true,false,false,Directorio oficial de Xentric Zibatá (local 104) y redes de la marca.
Cosi Fan Tutte,likely_active,Cosi Fan Tutte,Xentric Zibatá,Xentric Zibatá,Italiana,Italiana,false,false,false,false,false,Directorio oficial (local 105) y video oficial de la sucursal en Plaza Xentric.
Honu Sushi,likely_active,Honu Sushi & Oriental,Xentric Zibatá,Xentric Zibatá,Asiática,Asiática,false,true,true,false,false,Beta inactivo; el directorio oficial (local 207) y un directorio independiente coinciden en teléfono.
,likely_active,Ichos,,Xentric Zibatá,,Carne y parrilla,false,false,false,false,true,Directorio oficial (local 208); ocupa el local y teléfono antes asociados a Piotl Rosticería.
Trecielos,likely_active,Trecielos,Xentric Zibatá,Xentric Zibatá,Mexicana,Mexicana,false,false,false,false,false,Cuenta oficial y ficha local con dirección Paseo Tunas 18; no figura en el directorio oficial.
La Marmota,likely_active,La Marmota Wings and Beer,Xentric Zibatá,Xentric Zibatá,Hamburguesas,Pollo y alitas,false,false,true,true,false,"Directorio oficial (local 210), página oficial de la sucursal y más de 2 mil reseñas en directorio."
Romelia Café,likely_active,Romelia Café,Xentric Zibatá,Xentric Zibatá,Desayunos y café,Desayunos y café,false,false,false,false,false,"Ficha y guía de un mismo medio local (agosto de 2026) con dirección Paseo Tunas 18, int. 220."
,likely_active,La Borra del Café,,Xentric Zibatá,,Desayunos y café,false,false,false,false,true,"Directorio oficial (locales 110-111), página oficial de la sucursal y teléfono coincidente en directorio independiente."
,likely_active,Quetacos,,Xentric Zibatá,,Tacos y antojitos,false,false,false,false,true,Solo en el directorio oficial de la plaza (locales 112-113).
,likely_active,La Michoacana,,Xentric Zibatá,,Postres,false,false,false,false,true,Directorio oficial de la plaza (local 109).
Kazu's Kitchen,active,Kazu's Kitchen,Plaza Zielo,Plaza Zielo,Asiática,Asiática,false,false,false,false,false,"Web oficial citada con sede en Plaza Zielo (local 22), ficha local (2026-08-21) y lista oficial de JETRO (2024)."
Margaritas,likely_active,Bistró Margaritas by Kaos,Plaza Zielo,Plaza Zielo,Bistró,Bistró,false,false,true,false,false,Redes oficiales con dirección en Plaza Zielo; cambio de nombre desde 'Margaritas Restaurante Bar'.
Santa Clara,likely_active,Helados Santa Clara,Plaza Zielo,Plaza Zielo,Postres,Postres,false,false,true,false,false,Directorio con la sucursal 'Zielo' y directorio local de 2022; redes de la marca.
Entrecot Asador,active,Entrecot Asador,Plaza Zielo,Plaza Zielo,Carne y parrilla,Carne y parrilla,false,false,false,false,false,"Cuenta oficial que lista la sede Zibatá, ficha local (2026-09-08) y guía local (2026-08-10)."
Hot Buns,likely_active,Hot Buns,Plaza Zielo,Plaza Zielo,Hamburguesas,Hamburguesas,false,false,false,false,false,"Página oficial de la sucursal, video en Plaza Zielo y directorio con dirección Pitahayas 26."
Escarola,likely_active,Escarola Food & Health,Plaza Zielo,Plaza Zielo,Saludable y bowls,Saludable y bowls,false,false,true,false,false,Ficha local (2025-12-11) y directorio con dirección en Plaza Zielo (int. 51). La web oficial no resuelve DNS: conviene verificar.
Donatto Pizza,likely_active,Donatto Pizza,Plaza Zielo,Plaza Zielo,Pizza,Pizza,false,false,false,false,false,"Página en El Marqués, plataformas y medio local; plaza por directorio algorítmico y beta."
,likely_active,La Borra del Café,,Plaza Zielo,,Desayunos y café,false,false,false,false,true,Cuenta oficial de la sucursal Zielo y publicación de apertura de la marca.
Cafele,active,Cafele,Mol Jamadi,Mol Jamadi,Desayunos y café,Desayunos y café,false,false,false,false,false,Página oficial de la sucursal con dirección y horario; ficha local (2026-07-29) y guía local (2026-08-10).
Hoyo 19,likely_active,DiezyNueve Golf Bar,Campo de Golf,Campo de Golf,Bistró,Bar y pub,false,false,true,true,false,La web oficial del club cita el restaurante y terraza bar ('Hoyo 19'); redes con la marca DiezyNueve. Su tienda de delivery cerró en 2025.
Agave Grill,likely_active,Agave Grill,Centro Zibatá,Centro Zibatá,Carne y parrilla,Tacos y antojitos,false,false,false,true,false,"Proyecto 'Taquería Agave Grill, Zibatá' (2024-12-04) y actividad oficial (2025-08-22); plaza del beta sin confirmar."
Pio Poke House,likely_active,Pio Poke House & Rolls,Centro Zibatá,Centro Zibatá,Saludable y bowls,Saludable y bowls,false,false,true,false,false,Ficha local (2025-12-11) y tienda coinciden en Plaza Centro (Pitahayas 199).
Lilo Bowl Bar,likely_active,Lilo Bowl Bar,Centro Zibatá,Centro Zibatá,Saludable y bowls,Saludable y bowls,false,false,false,false,false,"Cuenta oficial, directorio vegano y tienda con dirección Pitahayas 199."
Sixties Burger,likely_active,Sixties Burger,Centro Zibatá,Centro Zibatá,Hamburguesas,Hamburguesas,false,true,false,false,false,Beta inactivo; cuenta oficial de la sucursal Zibatá y tienda de delivery. Plaza del beta sin confirmar.
,likely_active,Starbucks,,Centro Zibatá,,Desayunos y café,false,false,false,false,true,Dos plataformas con la tienda 'Centro Zibatá' y ficha local de 2026.
Koi Ramen,uncertain,,Xentric Anáhuac,,Asiática,,false,false,false,false,false,Solo tiendas de delivery sin fecha; sin redes de la sucursal ni fuente de plaza. Beta inactivo.
La Lorenza,uncertain,,Xentric Anáhuac,,Tacos y antojitos,,false,true,false,false,false,Solo se encontró La Lorenza Juriquilla (fuera de Zibatá).
Loreto Taco Fish,uncertain,,Xentric Anáhuac,,Mariscos,,false,true,false,false,false,Ningún resultado del negocio en dos búsquedas.
Nutrisa,uncertain,,Xentric Anáhuac,,Postres,,false,true,false,false,false,Tienda citada en Circuito Universidades (no en Xentric Anáhuac); localizador oficial no revisado.
MEZCLA,uncertain,,Xentric Anáhuac,,Saludable y bowls,,false,true,false,false,false,No existe un negocio 'MEZCLA' localizable; coincide con un platillo de Maiztros. Posible error del beta.
Chick In,uncertain,,Xentric Anáhuac,,Sándwiches y deli,,false,true,false,false,false,Solo una tienda de delivery ('Chickin - Zibatá').
Neneo,uncertain,,Xentric Anáhuac,,Carne y parrilla,,false,false,false,false,false,Solo un resumen sin URL propia; el local 208 de Xentric Zibatá lo ocupa Ichos. Beta inactivo.
El Lonche del Capitán,uncertain,,Xentric Anáhuac,,Mariscos,,false,false,false,false,false,La sucursal en Zibatá solo aparece en resúmenes; la web oficial no la muestra. Beta inactivo.
Tlaxcalli,uncertain,,Xentric Anáhuac,,Mexicana,,false,false,false,false,false,Sin resultados. Beta inactivo.
Doña Tota,uncertain,,Xentric Anáhuac,,Tacos y antojitos,,false,false,false,false,false,Solo una tienda de delivery en Xentric Anáhuac. Beta inactivo.
El Edén,uncertain,,Xentric Anáhuac,,Postres,,false,true,false,false,false,"Solo una tienda de delivery (Pitahayas 55, local 223)."
Mesón Cristi,uncertain,,Xentric Anáhuac,,Mexicana,,false,true,false,false,false,La web oficial muestra una dirección en la Ciudad de México y no menciona Zibatá.
La Cafe Anáhuac,uncertain,,Anáhuac Querétaro,,Desayunos y café,,false,false,false,false,false,Sin resultados; posible referencia a la cafetería de Sinforosa en el campus (sin confirmar). Beta inactivo.
Grünen Lush,uncertain,,Anáhuac Querétaro,,Saludable y bowls,,false,true,false,false,false,Solo sucursales visibles en Álamos y Juriquilla.
El Ahijao',uncertain,,Paseo Zibatá,,Carne y parrilla,,false,false,false,false,false,Sin vínculo verificable con Zibatá. Beta inactivo.
Mamba Pizza,uncertain,,Paseo Zibatá,,Pizza,,false,false,false,false,false,"Sucursal en Paseo Zibatá solo en directorios sin fecha, ausente del directorio oficial. Beta inactivo."
Zafrina,uncertain,,Paseo Zibatá,,Carne y parrilla,,false,false,false,false,false,Última evidencia fechada: agosto de 2022. Posible cierre sin confirmar. Beta inactivo.
All Berries,uncertain,,Paseo Zibatá,,Bebidas,,false,true,false,false,false,Sin resultados.
Trompochtitlan,uncertain,,FoodTrucks Pickleball,,Tacos y antojitos,,false,true,false,false,false,Existe tienda 'Trompochtitlan (Zibata)' pero no se pudo ubicar dentro de Zibatá ni vincular a Pick Spot.
Santo Antojo,uncertain,,FoodTrucks Pickleball,,Otros,,false,false,false,false,false,Solo homónimos en otras ciudades. Beta inactivo.
Samdo,uncertain,,FoodTrucks Pickleball,,Otros,,false,false,false,false,false,Existe en Querétaro sin ubicación en Zibatá. Beta inactivo.
Bad Doggie,uncertain,,FoodTrucks Pickleball,,Otros,,false,false,false,false,false,Sin resultados. Beta inactivo.
La Carreta Culichi,uncertain,,FoodTrucks Pickleball,,Otros,,false,false,false,false,false,Sin ubicación verificable. Beta inactivo.
Melonio,uncertain,,FoodTrucks Pickleball,,Otros,,false,false,false,false,false,Sin resultados. Beta inactivo.
Heladería ONCE,uncertain,,Condesa,,Postres,,false,false,false,false,false,Única ubicación visible en Juriquilla y tienda no disponible. Beta inactivo.
Freestyle Pizza,uncertain,,Condesa,,Pizza,,false,false,false,false,false,Abrió en agosto de 2022; sin evidencia posterior y su subdominio oficial ya no existe (posible cierre). Beta inactivo.
La Chilakleta,uncertain,,Condesa,,Desayunos y café,,false,true,false,false,false,Solo tienda de delivery; comparte cocina con una marca virtual (Las Chopeaditas): puede no ser un local abierto al público.
La Casa,uncertain,,Condesa,,Bistró,,false,false,false,false,false,Sin evidencia verificable. Beta inactivo.
Kekas El Xavi,uncertain,,Xentric Zibatá,,Tacos y antojitos,,false,true,false,false,false,Solo una tienda de delivery; no figura en el directorio oficial de Xentric Zibatá.
Taquería el Tapatio,uncertain,,Plaza Zielo,,Tacos y antojitos,,false,true,false,false,false,Solo una tienda de delivery (Plaza Zielo) y una cuenta de marca no vinculada a la sucursal.
Los del Mandil,uncertain,,Plaza Zielo,,Bistró,,false,true,false,false,false,Una sola fuente secundaria sin fecha.
KFC,uncertain,,Distrito Nandú,,Pollo y alitas,,false,false,false,false,false,Sin anuncio de KFC en Zibatá; Distrito Nandú no opera. Beta inactivo.
Nama Sushi,uncertain,,Distrito Nandú,,Asiática,,false,false,false,false,false,Sin ubicación verificable. Beta inactivo.
Il Diavolo,uncertain,,Distrito Nandú,,Italiana,,false,false,false,false,false,Sin resultados. Beta inactivo.
San Cosme,uncertain,,Distrito Nandú,,Saludable y bowls,,false,false,false,false,false,Sin resultados. Beta inactivo.
Mr. Bagel,closed,,Xentric Anáhuac,Paseo Zibatá,Sándwiches y deli,,true,false,false,false,false,"Directorio: 'Permanently closed'; anuncio de cierre indefinido. Estaba en Paseo Zibatá local 29, no en Xentric Anáhuac."
Grand Antonella,closed,,Paseo Zibatá,,Bistró,,false,false,false,false,false,Su página oficial indica 'CERRADO PERMANENTEMENTE'.
Piotl Rosticeria,removed,,Xentric Zibatá,,Pollo y alitas,,false,true,false,false,false,El directorio oficial asigna su local (208) y teléfono a Ichos.
,uncertain,,,Xentric Anáhuac,,,false,false,false,false,true,Tienda de delivery con nombre de la plaza; la marca se orienta a eventos. Sin confirmación de local abierto.
,closed,,,Xentric Zibatá,,,false,false,false,false,true,La lista oficial de sucursales omite Zibatá y la tienda de delivery figura cerrada desde julio de 2025.
,rejected,,,Xentric Zibatá,,,false,false,false,false,true,El directorio usa un rótulo genérico; sin nombre comercial verificable.
,uncertain,,,Plaza Zielo,,,false,false,false,false,true,Marca de chocolate; punto de venta en Plaza Zielo no confirmado.
,rejected,,,,,,false,false,false,false,true,"Ubicado en Anillo Vial Fray Junípero Serra 1001, El Refugio (fuera de Zibatá)."
,uncertain,,,,,,false,false,false,false,true,Mención sin dirección ni redes localizables.
,uncertain,,,,,,false,false,false,false,true,Una sola ficha local en una vía residencial; sin redes ni local comercial.
,uncertain,,,,,,false,false,false,false,true,Solo un resumen de búsqueda sin fuente propia.
,rejected,,,Paseo Zibatá,,,false,false,false,false,true,Tienda de servicios para fiestas y dulcería: fuera del alcance comida y bebida.
,coming_soon,,,Distrito Nandú,,,false,false,false,false,true,Anuncio oficial (2026-04-29) de próxima apertura en Zibatá; sin confirmación de apertura.
,uncertain,,,,,,false,false,false,false,true,Tienda de delivery no disponible y página oficial de contacto inexistente.
,rejected,,,,,,false,false,false,false,true,"Marca virtual de delivery, no un local físico."
,uncertain,,,,,,false,false,false,false,true,"Tienda de delivery no disponible, sin otra evidencia."
,rejected,,,,,,false,false,false,false,true,Barra de comida dentro del supermercado HEB: fuera del alcance (regla de supermercados).
,uncertain,,,Xentric Anáhuac,,,false,false,false,false,true,Solo un agregador de baja calidad.
,uncertain,,,Xentric Zibatá,,,false,false,false,false,true,Tienda de delivery y un comentario de usuario; ausente del directorio oficial.
,uncertain,,,Paseo Zibatá,,,false,false,false,false,true,Marcado como cerrado temporalmente en un directorio.
,uncertain,,,Paseo Zibatá,,,false,false,false,false,true,Dirección contradictoria (Paseo Zibatá vs. Anillo Vial Fray Junípero Serra).
,uncertain,,,,,,false,false,false,false,true,Solo una tienda de delivery.
,duplicate,,,,,,false,false,false,false,true,"Traducción de 'Boba Station', única tienda de té boba localizada en Zibatá."
,uncertain,,,,,,false,false,false,false,true,Mención sin datos; posible referencia a Agave Grill (no confirmado).
