name,plaza,category,subcategory,localNumber,description,hours,lat,lng,googleMapsUri,website,instagram,facebook,tiktok,whatsapp,phone,tags,active
Carl's Jr,Xentric Anáhuac,Hamburguesas,,,,,,,,,,,,,,,sí
Koi Ramen,Xentric Anáhuac,Asiática,,,,,,,,,,,,,,,no
Mirrus Kitchen,Xentric Anáhuac,Bistró,,,,,,,,,,,,,,,sí
La Lorenza,Xentric Anáhuac,Tacos y Antojitos,,,,,,,,,,,,,,,sí
Loreto Taco Fish,Xentric Anáhuac,Mariscos,,,,,,,,,,,,,,,sí
A'Kilos de Cecina,Xentric Anáhuac,Tacos y Antojitos,,,,,,,,,,,,,,,sí
Husky's Ice Cream,Xentric Anáhuac,Postres,,,,,,,,,,,,,,,sí
Boba Station,Xentric Anáhuac,Bebidas,,,,,,,,,,,,,,,sí
Origenatural,Xentric Anáhuac,Saludable y Bowls,,,,,,,,,,,,,,,sí
Ciao Bella,Xentric Anáhuac,Italiana,,,,,,,,,,,,,,,no
Nutrisa,Xentric Anáhuac,Postres,,,,,,,,,,,,,,,sí
Sushi Itto,Xentric Anáhuac,Asiática,,,,,,,,,,,,,,,sí
Subway,Xentric Anáhuac,Sandwiches y Deli,,,,,,,,,,,,,,,sí
Good Morning Coffee,Xentric Anáhuac,Desayunos y Café,,,,,,,,,,,,,,,sí
MEZCLA,Xentric Anáhuac,Saludable y Bowls,,,,,,,,,,,,,,,sí
Chick In,Xentric Anáhuac,Sandwiches y Deli,,,,,,,,,,,,,,,sí
Tortas Fifthy Fifthy,Xentric Anáhuac,Sandwiches y Deli,,,,,,,,,,,,,,,sí
Rometta,Xentric Anáhuac,Italiana,,,,,,,,,,,,,,,sí
Domino's,Xentric Anáhuac,Pizza,,,,,,,,,,,,,,,sí
Neneo,Xentric Anáhuac,Carne y Parrilla,,,,,,,,,,,,,,,no
La 880,Xentric Anáhuac,Bar y Pub,,,,,,,,,,,,,,,sí
Lion Reef,Xentric Anáhuac,Bar y Pub,,,,,,,,,,,,,,,sí
El Lonche del Capitán,Xentric Anáhuac,Mariscos,,,,,,,,,,,,,,,no
Wicklow Irish Pub,Xentric Anáhuac,Bar y Pub,,,,,,,,,,,,,,,sí
Tlaxcalli,Xentric Anáhuac,Mexicana,,,,,,,,,,,,,,,no
Doña Tota,Xentric Anáhuac,Tacos y Antojitos,,,,,,,,,,,,,,,no
Mr. Bagel,Xentric Anáhuac,Sandwiches y Deli,,,,,,,,,,,,,,,no
El Edén,Xentric Anáhuac,Postres,,,,,,,,,,,,,,,sí
Mesón Cristi,Xentric Anáhuac,Mexicana,,,,,,,,,,,,,,,sí
Birria Los Esposos,Xentric Anáhuac,Tacos y Antojitos,,,,,,,,,,,,,,,sí
Los Morros de Sonora,Xentric Anáhuac,Tacos y Antojitos,,,,,,,,,,,,,,,no
Tacos Los Tarascos,Xentric Anáhuac,Tacos y Antojitos,,,,,,,,,,,,,,,sí
Tim Hortons,Anáhuac Querétaro,Desayunos y Café,,,,,,,,,,,,,,,sí
La Cafe Anáhuac,Anáhuac Querétaro,Desayunos y Café,,,,,,,,,,,,,,,no
Grünen Lush,Anáhuac Querétaro,Saludable y Bowls,,,,,,,,,,,,,,,sí
Sinforosa,Paseo Zibatá,Bistró,,,,,,,,,,,,,,,sí
Cebichería del Día,Paseo Zibatá,Mariscos,,,,,,,,,,,,,,,sí
D’Lu Coffee & Bakery,Paseo Zibatá,Desayunos y Café,,,,,,,,,,,,,,,sí
Mr. Miches,Paseo Zibatá,Bar y Pub,,,,,,,,,,,,,,,sí
Sylvius,Paseo Zibatá,Bar y Pub,,,,,,,,,,,,,,,sí
Currucucú,Paseo Zibatá,Mexicana,,,,,,,,,,,,,,,sí
Luka Pokes,Paseo Zibatá,Saludable y Bowls,,,,,,,,,,,,,,,sí
Las Memelas de la Rana,Paseo Zibatá,Tacos y Antojitos,,,,,,,,,,,,,,,sí
Holy Kebabs,Paseo Zibatá,Sandwiches y Deli,,,,,,,,,,,,,,,sí
Carnitas Don Toño,Paseo Zibatá,Carne y Parrilla,,,,,,,,,,,,,,,sí
Masaru,Paseo Zibatá,Asiática,,,,,,,,,,,,,,,sí
Tomassa,Paseo Zibatá,Italiana,,,,,,,,,,,,,,,sí
La Michoacana,Paseo Zibatá,Postres,,,,,,,,,,,,,,,sí
Grand Antonella,Paseo Zibatá,Bistró,,,,,,,,,,,,,,,no
El Ahijao',Paseo Zibatá,Carne y Parrilla,,,,,,,,,,,,,,,no
Mamba Pizza,Paseo Zibatá,Pizza,,,,,,,,,,,,,,,no
Al Grano,Paseo Zibatá,Tacos y Antojitos,,,,,,,,,,,,,,,sí
Tacos la Chusma,Paseo Zibatá,Tacos y Antojitos,,,,,,,,,,,,,,,sí
El Hornero,Paseo Zibatá,Carne y Parrilla,,,,,,,,,,,,,,,sí
Zafrina,Paseo Zibatá,Carne y Parrilla,,,,,,,,,,,,,,,no
All Berries,Paseo Zibatá,Bebidas,,,,,,,,,,,,,,,sí
Birria Jauregui,Paseo Zibatá,Carne y Parrilla,,,,,,,,,,,,,,,sí
Bistrot Marino,Paseo Zibatá,Mariscos,,,,,,,,,,,,,,,sí
Ramen Express,Paseo Zibatá,Asiática,,,,,,,,,,,,,,,sí
Santo Antojo,FoodTrucks Pickleball,,,,,,,,,,,,,,,,no
Trompochtitlan,FoodTrucks Pickleball,Tacos y Antojitos,,,,,,,,,,,,,,,sí
Samdo,FoodTrucks Pickleball,,,,,,,,,,,,,,,,no
Bad Doggie,FoodTrucks Pickleball,,,,,,,,,,,,,,,,no
La Carreta Culichi,FoodTrucks Pickleball,,,,,,,,,,,,,,,,no
Melonio,FoodTrucks Pickleball,,,,,,,,,,,,,,,,no
Ñam Ñam,Condesa,Asiática,,,,,,,,,,,,,,,sí
Heladería ONCE,Condesa,Postres,,,,,,,,,,,,,,,no
Freestyle Pizza,Condesa,Pizza,,,,,,,,,,,,,,,no
Carly Tacos de Pescado,Condesa,Tacos y Antojitos,,,,,,,,,,,,,,,sí
Arepanas,Condesa,Tacos y Antojitos,,,,,,,,,,,,,,,sí
Romani Pizzas,Condesa,Pizza,,,,,,,,,,,,,,,sí
Casa Vieja,Condesa,Tacos y Antojitos,,,,,,,,,,,,,,,sí
Bendito Bocado,Condesa,Bistró,,,,,,,,,,,,,,,sí
La Casa,Condesa,Bistró,,,,,,,,,,,,,,,no
La Chilakleta,Condesa,Desayunos y Café,,,,,,,,,,,,,,,sí
Burger & Fries,Plaza Walmart,Hamburguesas,,,,,,,,,,,,,,,no
Bocuze,Xentric Zibatá,Bistró,,,,,,,,,,,,,,,sí
Bee Waffle,Xentric Zibatá,Desayunos y Café,,,,,,,,,,,,,,,sí
Cosi Fan Tutte,Xentric Zibatá,Italiana,,,,,,,,,,,,,,,sí
Kekas El Xavi,Xentric Zibatá,Tacos y Antojitos,,,,,,,,,,,,,,,sí
Honu Sushi,Xentric Zibatá,Asiática,,,,,,,,,,,,,,,no
Piotl Rosticeria,Xentric Zibatá,Pollo,,,,,,,,,,,,,,,sí
Trecielos,Xentric Zibatá,Mexicana,,,,,,,,,,,,,,,sí
La Marmota,Xentric Zibatá,Hamburguesas,,,,,,,,,,,,,,,sí
Romelia Café,Xentric Zibatá,Desayunos y Café,,,,,,,,,,,,,,,sí
Kazu's Kitchen,Plaza Zielo,Asiática,,,,,,,,,,,,,,,sí
Margaritas,Plaza Zielo,Bistró,,,,,,,,,,,,,,,sí
Santa Clara,Plaza Zielo,Postres,,,,,,,,,,,,,,,sí
Taquería el Tapatio,Plaza Zielo,Tacos y Antojitos,,,,,,,,,,,,,,,sí
Entrecot Asador,Plaza Zielo,Carne y Parrilla,,,,,,,,,,,,,,,sí
Hot Buns,Plaza Zielo,Hamburguesas,,,,,,,,,,,,,,,sí
Los del Mandil,Plaza Zielo,Bistró,,,,,,,,,,,,,,,sí
Escarola,Plaza Zielo,Saludable y Bowls,,,,,,,,,,,,,,,sí
Donatto Pizza,Plaza Zielo,Pizza,,,,,,,,,,,,,,,sí
Cafele,Mol Jamadi,Desayunos y Café,,,,,,,,,,,,,,,sí
Hoyo 19,Campo de Golf,Bistró,,,,,,,,,,,,,,,sí
Agave Grill,Centro Zibatá,Carne y Parrilla,,,,,,,,,,,,,,,sí
Pio Poke House,Centro Zibatá,Saludable y Bowls,,,,,,,,,,,,,,,sí
Lilo Bowl Bar,Centro Zibatá,Saludable y Bowls,,,,,,,,,,,,,,,sí
Sixties Burger,Centro Zibatá,Hamburguesas,,,,,,,,,,,,,,,no
KFC,Distrito Nandú,Pollo,,,,,,,,,,,,,,,no
Nama Sushi,Distrito Nandú,Asiática,,,,,,,,,,,,,,,no
Il Diavolo,Distrito Nandú,Italiana,,,,,,,,,,,,,,,no
San Cosme,Distrito Nandú,Saludable y Bowls,,,,,,,,,,,,,,,no
