id,name,plaza,giros,secundarios,description,descriptionEn,hours,lat,lng,googleMapsUri,website,instagram,facebook,tiktok,whatsapp,rappi,uberEats,didiFood,phone,active
carls-jr,Carl's Jr.,Xentric Anáhuac,hamburguesas,papas-fritas,¡Las mejores hamburguesas de todo QUERÉTARO! 🍔💯🌟,The best burgers in all of QUERÉTARO! 🍔💯🌟,lun 10:00-23:00; mar 10:00-23:00; mie 10:00-23:00; jue 10:00-23:00; vie 10:00-23:00; sab 10:00-23:00; dom 10:00-23:00,,,,https://carlsjr.com.mx/,,https://www.facebook.com/carlsjrqueretaro,,,,,,+524427113430,sí
mirrus-kitchen,Mirrus Kitchen,Xentric Anáhuac,brunch,reposteria,Conscious food and pastries.,,lun 08:30-21:00; mar 08:30-21:00; mie 08:30-21:00; jue 08:30-21:00; vie 08:30-21:00; sab 09:00-15:00,,,,,https://www.instagram.com/mirruskitchen/,https://www.facebook.com/mirruskitchen/,,,,https://www.ubereats.com/mx/store/mirrus-kitchen/vEdhdl54Xh-qWk25EYejFw,,+524428698190,sí
akilos-de-cecina,A'Kilos de Cecina,Xentric Anáhuac,cecina,taqueria,"Restaurante especializado en cecina natural, adobada, chorizo rojo y verde.","A restaurant specializing in natural and marinated cecina, and red and green chorizo.",lun 10:00-18:00; mar 10:00-18:00; mie 10:00-18:00; jue 10:00-18:00; vie 10:00-18:00; sab 10:00-18:00; dom 10:00-18:00,,,,https://a-kilos-de-cecina.ola.click/products,https://www.instagram.com/akilos.de.cecina/,https://www.facebook.com/akilosdececina/,,,https://www.rappi.com.mx/restaurantes/1930192879-a-kilos-de-cecina,https://www.ubereats.com/mx/store/a-kilos-de-cecina-queretaro/cjHzwj1MVTuiRcGymYMcOw,https://www.didi-food.com/es-MX/food/store/5764609267378949911/?channel=10&cityId=52220400,+524426783769,sí
huskys-ice-cream,Husky's Ice Cream,Xentric Anáhuac,helados,,"Husky’s Ice Cream | Helados artesanales en Querétaro 🍦 Fusión de ice cream americano y gelato italiano. Helado suave, yogurt y paletas de muchos sabores.","Husky’s Ice Cream | Craft ice cream in Querétaro 🍦 American ice cream meets Italian gelato. Soft serve, frozen yogurt and paletas in many flavors.",lun 11:00-21:00; mar 11:00-21:00; mie 11:00-21:00; jue 11:00-21:00; vie 11:00-21:00; sab 11:00-21:00; dom 11:00-21:00,,,,https://www.huskysicecream.com/,https://www.instagram.com/huskys.icecream,https://www.facebook.com/profile.php?id=61567348674751,https://www.tiktok.com/@huskys.ice.cream,,,,,+524461356536,sí
boba-station,Boba Station Tapioca Bar,Xentric Anáhuac,boba,,"Boba Station es el nuevo concepto de bobas (Tapioca) que llegó a la ciudad, con más de 11 años de experiencia. Ven a conocerlo 🤤🥰","Boba Station is the city’s new boba (tapioca) concept, backed by more than 11 years of experience. Come and try it 🤤🥰",lun 10:00-21:20; mar 10:00-21:20; mie 10:00-21:20; jue 10:00-21:20; vie 10:00-21:20; sab 10:00-21:20; dom 10:00-21:20,,,,,https://www.instagram.com/bobastationmx/,https://www.facebook.com/BobaStationMx,,,https://www.rappi.com.mx/restaurantes/1930110288-boba-station-tapioca-bar,,,,sí
origenatural,Origen Natural,Xentric Anáhuac,saludable;desayunos,jugos-y-smoothies,"Urban Bistró
Comer rico y sentirte bien.","Urban Bistró
Eat well, feel good.",lun 08:00-21:00; mar 08:00-21:00; mie 08:00-21:00; jue 08:00-21:00; vie 08:00-21:00; sab 08:00-18:00; dom 08:00-16:00,,,,,https://www.instagram.com/origenatural_zibata/,https://www.facebook.com/origenaturalzibata/,,,https://www.rappi.com.mx/restaurantes/1930062980-origenatural,https://www.ubereats.com/mx/store/origenatural/N4amesE3VouL8XveZxiKnQ,,+524422237226,sí
subway,Subway,Xentric Anáhuac,sandwiches,,Sucursal de la cadena de sándwiches Subway.,A branch of the Subway sandwich chain.,lun 10:30-18:30; mar 10:30-18:30; mie 10:30-18:30; jue 10:30-18:30; vie 10:30-18:30; sab 10:30-18:30; dom 10:30-18:30,,,,https://restaurantes.subway.com/subway-mx-el-marques-qro,,,,,https://www.rappi.com.mx/restaurantes/1930064964-subway,,,,sí
good-morning-coffee,Good Morning Coffee,Xentric Anáhuac,desayunos,,Restaurante de desayuno y brunch.,Breakfast and brunch restaurant.,lun cerrado; mar 09:00-14:00; mie 09:00-14:00; jue 09:00-14:00; vie 09:00-14:00; sab 09:00-14:00; dom 09:00-14:00,,,,,https://www.instagram.com/goodmorningcoffee.qro/,https://www.facebook.com/gmcoffeequeretaro/,https://www.tiktok.com/@goodmorningcoffee.qro,,,,,,sí
tortas-fifthy-fifthy,Tortas Fifthy Fifthy,Xentric Anáhuac,tortas,wraps;desayunos,"🥖 Tortas, wraps, ensaladas y mucho más.
🥗 Sabor único y con ingredientes de la más alta calidad.","🥖 Tortas, wraps, salads and much more.
🥗 One of a kind flavor, made with the highest quality ingredients.",vie 10:00-21:00; sab 10:00-21:00; dom 10:00-21:00,,,,https://fifthyfifthy.com.mx/,https://www.instagram.com/fifthy_fifthymx/,https://www.facebook.com/p/Tortas-Fifthy-Fifthy-61562829113706/,,,https://www.rappi.com.mx/restaurantes/1930287292-tortas-fifthy-fifthy-zibata,https://www.ubereats.com/mx/store/tortas-fifthy-fifthy-zibata-queretaro/dEQQZM56TfSVY4IYAG7f1w,,+524423232343,sí
rometta,Rometta Gastrobar,Xentric Anáhuac,gastrobar;cocina-internacional,bar,"Gastro Bar🍸.
Coctelería y Platillos Gourmet.","Gastro Bar🍸.
Cocktails and gourmet dishes.",dom 09:00-17:00,,,,,https://www.instagram.com/romettaqro/,https://www.facebook.com/p/Rometta-100088246603495/,,,https://www.rappi.com.mx/restaurantes/1930074457-rometta-gastrobar,,,+524424573768,sí
dominos,Domino's,Xentric Anáhuac,pizza,,Sucursal de la cadena de pizzas Domino's.,A branch of the Domino’s pizza chain.,lun 06:00-21:55; mar 06:00-21:55; mie 06:00-21:55; jue 06:00-21:55; vie 06:00-21:55; sab 07:00-21:55; dom 07:00-21:55,,,,https://www.dominos.com.mx/pages/order/#!/locations/search/?type=Carryout,,,,,,,,+524426449797,sí
la-880,La 880 Alitas y Pisto,Xentric Anáhuac,alitas;bar,,"El lugar donde la música, la comida y las risas se mezclan
Alitas & Pisto","Where music, food and laughter come together
Wings & drinks",lun 13:00-00:00; mar 13:00-00:00; mie 13:00-00:00; jue 13:00-02:00; vie 13:00-02:00; sab 13:00-02:00; dom 13:00-00:00,,,,https://heyzine.com/flip-book/0e4874b58c.html,https://www.instagram.com/la880alitas,https://www.facebook.com/La880Alitas/,,,https://www.rappi.com.mx/restaurantes/1930095201-la-880-alitas-y-pisto,https://www.ubereats.com/mx/store/la-880-alitas-%26-pisto/sRQ0K2OVQp6ckjL9bTDmQw,,+524421558480,sí
lion-reef,Lion Reef Sea & Bar,Xentric Anáhuac,bar;marisqueria,,RESTAURANT-BAR.,,lun cerrado; mar 12:00-00:00; mie 12:00-01:00; jue 12:00-02:00; vie 12:00-02:00; sab 12:00-02:00; dom 00:00-22:00,,,,https://www.lionreef.mx/,https://www.facebook.com/lionreef/,https://www.instagram.com/lion_reef/,,,,,,+524422990084,sí
wicklow-irish-pub,Wicklow Irish Pub,Xentric Anáhuac,pub,,🍀 | Un verdadero Irish Pub,🍀 | A true Irish Pub,lun 17:00-00:00; mar 17:00-00:00; mie 17:00-03:00; jue 17:00-03:00; vie 17:00-03:00; sab 17:00-03:00; dom cerrado,,,,,https://www.instagram.com/wicklowirishpub/,https://www.facebook.com/wicklowzibata/,,,https://www.rappi.com.mx/restaurantes/1930116580-wicklow-irish-pub-zibata,,,+524421951787,sí
birria-los-esposos,Birria Los Esposos,Xentric Anáhuac,birria;taqueria,,"Una buena birria para la barriga.
Creamos recetas únicas y deliciosas.","Good birria for a happy belly.
We create unique, delicious recipes.",mar 09:00-17:00; mie 09:00-17:00; jue 09:00-17:00; vie 09:00-17:00; sab 09:00-16:00; dom 09:00-15:00,,,,https://birrialosesposos.com/,https://www.instagram.com/birrialosesposos/,https://www.facebook.com/p/Birria-Los-Esposos-100089812507971/,,,,,,+524463740135,sí
tacos-los-tarascos,Los Tarascos Taquería,Xentric Anáhuac,taqueria,,"Taco Los Tarascos, Taquería con 38 años de tradición en México. Disfruta nuestros tacos en Monterrey, Acapulco, Puebla, Guadalajara, Querétaro y Tlaxcala.","Taco Los Tarascos, a taquería with 38 years of tradition in Mexico. Enjoy our tacos in Monterrey, Acapulco, Puebla, Guadalajara, Querétaro and Tlaxcala.",lun 14:00-01:00; dom 14:00-01:00,,,,https://lostarascos.com.mx/tacos-en-zibata/,https://www.instagram.com/lostarascos/,https://www.facebook.com/lostarascosoficial/,,,https://www.rappi.com.mx/restaurantes/1930455814-taqueria-los-tarascos,https://www.ubereats.com/mx/store/los-tarascos-zibata/25vMgtSSV-K_ywvlq4BvCw,,+524422984553,sí
pizca-de-azucar-zibata,Pizca de Azúcar,Xentric Anáhuac,pasteleria;reposteria,,"Creamos momentos dulces y memorables todos los días. Nuestra panadería es puramente artesanal, utilizando ingredientes de primera calidad para consentir a tu paladar.","We create sweet, memorable moments every day. Our bakery is entirely handmade, with top quality ingredients to spoil your palate.",lun 09:30-20:30; mar 09:30-20:30; mie 09:30-20:30; jue 09:30-20:30; vie 09:30-20:30; sab 09:30-20:00; dom 11:00-15:00,,,,https://pizcadeazucar.com/,https://www.instagram.com/pizca.deazucar/,https://www.facebook.com/p.deazucar/,,,,https://www.ubereats.com/mx/store/pizca-de-azucar-zibata/L9YxBJDPUFaWA3Els5aczA,,+524424250703,sí
tim-hortons,Tim Hortons,Anáhuac Querétaro,cafeteria,desayunos,Cafetería de la cadena Tim Hortons dentro del campus de la Universidad Anáhuac.,A Tim Hortons coffee shop inside the Universidad Anáhuac campus.,lun 06:00-20:00; mar 06:00-20:00; mie 06:00-20:00; jue 06:00-20:00; vie 06:00-20:00; sab 06:00-20:00; dom cerrado,,,,https://timhortonsmx.com/,,,,,,,,,sí
sinforosa,Sinforosa Café,Paseo Zibatá,brunch;cafeteria,reposteria,Compartiendo tus mejores momentos.,Sharing your best moments.,lun 07:00-21:00; mar 07:00-21:00; mie 07:00-21:00; jue 07:00-21:00; vie 07:00-21:00; sab 07:00-21:00; dom 07:00-21:00,,,,,https://www.instagram.com/sinforosa.cafe/,https://www.facebook.com/sinforosa.cafe/,https://www.tiktok.com/@sinforosa.cafe,,,,,+524424510965,sí
cebicheria-del-dia,Cebichería del Día,Paseo Zibatá,ceviches,,"Ceviches frescos, saludables y deliciosos.","Fresh, healthy and delicious ceviche.",lun 11:00-20:00; mar 11:00-20:00; mie 11:00-20:00; jue 11:00-20:00; vie 11:00-20:00; sab 11:00-18:00; dom 11:00-18:00,,,,,https://www.instagram.com/cebicheriadeldia.qro,,,,,https://www.ubereats.com/mx/store/cebicheria-del-dia-zibata-cebicheria-del-dia-zibata/ZrfVhPLlUneWaP__2nvjGA,,+524422219182,sí
dlu-coffee-bakery,D’Lu Coffee & Bakery,Paseo Zibatá,cafeteria;panaderia;brunch,,"D’Lu - Cafetería con alma francesa.
Life is better together","D’Lu - A coffee shop with a French soul.
Life is better together",lun 07:00-21:00; mar 07:00-21:00; mie 07:00-21:00; jue 07:00-21:00; vie 07:00-21:00; sab 07:00-21:00; dom 10:00-17:00,,,,,https://www.instagram.com/dlu_cafe/,https://www.facebook.com/people/DLu-Coffee-Bakery/61584292074602/,https://www.tiktok.com/@dlu_cafe,,https://www.rappi.com.mx/restaurantes/1930381079-dlu-coffee-y-bakery,,,,sí
mr-miches,Mr. Miches,Paseo Zibatá,bar;hamburguesas;alitas,,"Te ofrecemos deliciosas micheladas, azulitos y tragos nice en un ambiente relajado y agradable, acompañados con nuestros irresistibles snacks: alitas con diversas salsas, boneless, papas a la francesa y aros de cebolla.","We serve delicious micheladas, azulitos and good drinks in a relaxed, easygoing setting, along with snacks you cannot resist: wings with a range of sauces, boneless wings, french fries and onion rings.",lun cerrado; mar 16:00-02:00; mie 16:00-02:00; jue 16:00-03:00; vie 16:00-03:00; sab 16:00-03:00; dom cerrado,,,,,https://www.instagram.com/mr.micheszibata/,,,,https://www.rappi.com.mx/restaurantes/1930278399-miches-burgers-zibata,,,,sí
sylvius,Sylvius Cocktail & Cocina,Paseo Zibatá,gastrobar,,El cruce entre la cocina y el coctel. La intersección que conecta alquimia con gastronomía.,Where the kitchen meets the cocktail. The crossing that connects alchemy with gastronomy.,lun cerrado; mar 15:00-00:00; mie 15:00-01:00; jue 17:00-03:00; vie 17:00-03:00; sab 17:00-02:00; dom cerrado,,,,,,https://www.facebook.com/sylvius.bar/,,,,,,+524427125338,sí
currucucu,Currucucú Cocina Artesanal Mexicana,Paseo Zibatá,cocina-mexicana,desayunos,Restaurante 100% mexicano 🇲🇽❤️,A 100% Mexican restaurant 🇲🇽❤️,lun 09:00-17:00; mar 09:00-17:00; mie 09:00-17:00; jue 09:00-17:00; vie 09:00-17:00; sab 09:00-17:00; dom 09:00-17:00,,,,https://drive.google.com/file/d/1h052lhuQPm7nvKPQhhDOICwVeNlr08Iu/view,https://www.instagram.com/currucucumx/,,,,,https://www.ubereats.com/mx/store/currucucu-cocina-artesanal-mexicana-sucursal-zibata/_zSnAMcLRMOPxinpqUPdVQ,,+524421424545,sí
luka-pokes,Luka,Paseo Zibatá,poke,,"JUST POKE & FUN 🍚😎🍚😎
Est. 2018",,lun 13:00-20:00; mar 13:00-20:00; mie 13:00-20:00; jue 13:00-20:00; vie 13:00-20:00; sab 13:00-20:00; dom 13:00-20:00,,,,https://www.lukapokes.com/,https://www.instagram.com/lukapokes,https://www.facebook.com/LukaPokehouse/,https://www.tiktok.com/@lukapokes,,,https://www.ubereats.com/mx/store/luka-pokes-zibata/j42vV5UpQ-y4Unq3Vn88jA,,,sí
las-memelas-de-la-rana,Las Memelas de la Rana,Paseo Zibatá,memelas;cocina-mexicana,antojitos-de-masa,Disfruta en familia o amigos de las tradicionales Memelas de la Rana. Además contamos con antojitos mexicanos y desayunos.,Enjoy the traditional Memelas de la Rana with family or friends. We also serve Mexican street food and breakfast.,lun 09:30-19:00; mar 09:30-19:00; mie cerrado; jue 09:30-19:00; vie 09:30-19:00; sab 09:30-19:00; dom 09:30-19:00,,,,https://lasmemelasdelarana.mx/,https://www.instagram.com/las_memelas/,,,,https://www.rappi.com.mx/restaurantes/1930040091-las-memelas-de-la-rana,https://www.ubereats.com/mx/store/las-memelas-de-la-rana/sbugivNXTiGuurxuRbGbUQ,,+524422484806,sí
holy-kebabs,Holy Kebabs,Paseo Zibatá,kebabs,,“Los Kebabs del Normal🐪”,“The kebabs from El Normal🐪”,,,,,,https://www.instagram.com/holykebabszibata/,,,,https://www.rappi.com.mx/restaurantes/1930479270-holy-kebab,https://www.ubereats.com/mx/store/holy-kebabs-plaza-paseo-zibata/RZkoG8dLXTKBDF0U-vaq2g,,+527298371299,sí
carnitas-don-tono,Carnitas Don Toño,Paseo Zibatá,carnitas,antojitos-de-masa;desayunos,"🌮 Carnitas, desayunos & más
🚗 Rappi / Uber Eats disponible
🐷PÁSELE,¡QUE SI HAY!","🌮 Carnitas, breakfast & more
🚗 Rappi / Uber Eats available
🐷COME ON IN, WE’VE GOT PLENTY!",lun 08:30-19:00; mar 08:30-19:00; mie 08:30-19:00; jue 08:30-19:00; vie 08:30-19:00; sab 08:30-19:00; dom 08:30-19:00,,,,,https://www.instagram.com/carnitasdontonoqro/,https://www.facebook.com/p/Carnitas-Don-To%C3%B1o-Zibata-100076021691931/,,,,https://www.ubereats.com/mx/store/carnitas-don-tono-zibata/0EPk-JhCSUiJpHwPG47xvA,,+524428881188,sí
masaru,Masaru Sushi & Beer,Paseo Zibatá,sushi;poke,,"Masaru es un Restaurante en Querétaro que ofrece sushi, pokes y comida oriental de excelente calidad.","Masaru is a restaurant in Querétaro serving sushi, poke and Asian food of excellent quality.",lun 13:30-20:00; mar 13:30-20:00; mie 13:30-21:00; jue 13:30-21:00; vie 13:30-21:00; sab 13:30-20:00; dom 13:30-20:00,,,,https://www.masaru.com.mx/web/,,https://www.facebook.com/masaruzibata/,,+524426028627,https://www.rappi.com.mx/restaurantes/1923211877-masaru-sushi,https://www.ubereats.com/mx/store/masaru-sushi-%26-beer/tP1BxANKQv2ENeR36SrkgA,,+524426028627,sí
tomassa,Tomassa Almacén de Pastas,Paseo Zibatá,pasta;cocina-italiana,pizza,"En TOMASSA | Almacén de Pastas elaboramos pasta fresca artesanal todos los días, con ingredientes orgánicos.
🍝 Pastas artesanales
🧀 Salsas
🍮 Tiramisu · 🍷 Aperitivos y kombucha","At TOMASSA | Almacén de Pastas we make fresh handmade pasta every day, with organic ingredients.
🍝 Handmade pasta
🧀 Sauces
🍮 Tiramisu · 🍷 Aperitifs and kombucha",lun cerrado; mar 14:00-21:00; mie 14:00-21:00; jue 14:00-21:00; vie 14:00-21:00; sab 14:00-21:00; dom 14:00-21:00,,,,,https://www.instagram.com/tomassapasta/,https://www.facebook.com/p/Tomassa-Almac%C3%A9n-de-Pastas-61581875640351/,,,,https://www.ubereats.com/mx/store/tomassa-almacen-de-pastas/FJm_wO1sUJuYQMGmgERA0A,,+524427753171,sí
la-michoacana,La Michoacana,Paseo Zibatá,helados,,"La Michoacana es una marca de origen mexicano, la cual ha tenido una gran trayectoria alrededor del mundo de los helados y paletas artesanales 100% naturales.",La Michoacana is a Mexican brand with a long history in the world of 100% natural handmade ice cream and paletas.,,,,,,https://www.instagram.com/lamichoacana.zibata,,,,,,,+524421600696,sí
al-grano,Al Grano Maíz & Snacks,Paseo Zibatá,elotes-y-esquites,,🌽 Elotes y esquites 💛 Tus nuevos favoritos❤️‍🔥,🌽 Elotes and esquites 💛 Your new favorites❤️‍🔥,lun 17:00-22:00; mar 17:00-22:00; mie 17:00-22:00; jue 17:00-22:00; vie 17:00-22:00; sab 17:00-22:00; dom 17:00-22:00,,,,,https://www.instagram.com/algranomaizysnacks,https://www.facebook.com/p/Al-Grano-Ma%C3%ADz-Snacks-100092242820677,,,,https://www.ubereats.com/mx/store/al-grano-maiz-%26-snacks-zibata-queretaro/wqUA7hJ4WVm4az9OdxPpSQ,,+524422747236,sí
tacos-la-chusma,Tacos la Chusma,Paseo Zibatá,taqueria,,🌮 Los de la gente chingona,🌮 For the badass crowd,lun 14:00-00:00; mar 14:00-00:00; mie 14:00-00:00; jue 14:00-01:00; vie 14:30-01:00; sab 14:30-01:00; dom 14:30-00:00,,,,,https://www.instagram.com/tacoslachusma/,https://www.facebook.com/tacoslachusmazibataa/,,,https://www.rappi.com.mx/restaurantes/1930001370-tacos-la-chusma,,,+524271036917,sí
el-hornero,El Hornero,Paseo Zibatá,parrilla-argentina,pizza;empanadas,Parrilla y Pizzería Argentina.,Argentine grill and pizzeria.,lun 13:00-21:00; mar 13:00-21:00; mie 13:00-21:00; jue 13:00-21:00; vie 13:00-21:00; sab 13:00-21:00; dom 13:00-20:00,,,,https://elhornero.com.mx/,https://www.instagram.com/el.hornero/,https://www.facebook.com/elhornero.mx/,,,https://www.rappi.com.mx/restaurantes/1923287859-el-hornero-parrilla,,,+524424716402,sí
birria-jauregui,Birria Jáuregui,Paseo Zibatá,birria,antojitos-de-masa,"¡Llegó la mejor Birria a Querétaro, desde la primera mordida te enamorarás de su gran sabor! 😎🫶🏻🔥",The best birria has arrived in Querétaro. One bite and you will fall for the flavor! 😎🫶🏻🔥,lun 08:30-21:30; mar 08:30-21:30; mie 08:30-21:30; jue 08:30-21:30; vie 08:30-21:30; sab 08:30-21:30; dom 08:30-16:30,,,,https://birriajauregui.com/,https://www.instagram.com/birriajauregui/,https://www.facebook.com/BirriaJaureguiQro/,,,https://www.rappi.com.mx/restaurantes/1923741548-birria-jauregui,https://www.ubereats.com/mx/store/birria-jauregui-zibata/JRmky0I_X96I4HtZ0QbdsA,https://www.didi-food.com/es-MX/food/store/5764607836668298473/?channel=10&cityId=52220400&lat=20.679262&lng=-100.315275,+524423052251,sí
la-gaspacheria-tradicional,La Gaspachería Tradicional,Paseo Zibatá,gaspachos,,Gaspachos tradicionales de fruta estilo Morelia.,Traditional Morelia style fruit gaspachos.,lun 00:00-20:00; mar 00:00-20:00; mie 00:00-20:00; jue 00:00-20:00; vie 00:00-20:00; sab 00:00-20:00; dom 00:00-18:30,,,,https://lagaspacheriatradicional.com/,https://www.instagram.com/lagaspacheriatradicional/,https://www.facebook.com/gaspacheriatradicional/,,,https://www.rappi.com.mx/restaurantes/1923481549-la-gaspacheria,https://www.ubereats.com/mx/store/la-gaspacheria-tradicional/nUmQV6hdW0uIyNkzjQkdrg,,+524427892222,sí
panaderia-santa-fe,Panadería Santa Fe,Paseo Zibatá,panaderia,,"Más de 60 años perfeccionando el sabor del buen pan 🤎
Recién hecho todos los días.","More than 60 years perfecting the taste of good bread 🤎
Baked fresh every day.",lun 07:00-21:30; mar 07:00-21:30; mie 07:00-21:30; jue 07:00-21:30; vie 07:00-21:30; sab 07:00-21:30; dom 07:00-21:00,,,,,https://www.instagram.com/santa_fe_panaderia/,https://www.facebook.com/PanaderiaSantaFeQro/,,,,,,+524428163291,sí
nam-nam,Ñam Ñam Sushi,Plaza Condesa,sushi;poke,,"Somos sushi a domicilio: calidad, diseño y precio justo en cada roll. 🍣🥢❤️","Sushi delivered: quality, design and a fair price in every roll. 🍣🥢❤️",lun cerrado; mar 13:00-21:00; mie 13:00-21:00; jue 13:00-21:00; vie 13:00-21:00; sab 13:00-21:00; dom 13:00-18:00,,,,https://xn--amamsushi-k6ac.com/,https://www.instagram.com/namnamsushi_/,https://www.facebook.com/p/%C3%91am%C3%91am-Sushi-100063705574418/,https://www.tiktok.com/@namnamsushi,,,https://www.ubereats.com/mx/store/namnam-sushi-zibata/th5_dKyxVryv_x02Fiag6Q,https://web.didiglobal.com/mx/food/queretaro-que/nam-nam-sushi-zibata/5764607734100787559/,+524421671816,sí
carly-tacos-de-pescado,Tacos Carly,Plaza Condesa,marisqueria,taqueria,Mariscos estilo baja 🦐🐟,Baja style seafood 🦐🐟,lun 00:00-20:30; mar 00:00-20:30; mie 00:00-20:30; jue 00:00-20:30; vie 00:00-20:30; sab 00:00-20:30; dom 00:00-20:30,,,,,https://www.instagram.com/tacoscarly/,,,,https://www.rappi.com.mx/restaurantes/1930231990-tacos-carly-zibata-carly-tacos-de-p,,,+524422481622,sí
arepanas,Arepanas Mx,Plaza Condesa,arepas,,"¿Te apetece un viaje gastronómico a la vibrante Venezuela sin salir de Zibatá? Ven a Arepanas
Bar de Arepas 🫓🫓🫓","Fancy a culinary trip to vibrant Venezuela without leaving Zibatá? Come to Arepanas
Arepa Bar 🫓🫓🫓",mar 13:00-21:30; mie 13:00-21:30; jue 13:00-21:30; vie 13:00-21:30; sab 10:00-22:00; dom 10:00-22:00,,,,,https://www.instagram.com/arepanas.mx/,,https://www.tiktok.com/@arepanas.mx,,https://www.rappi.com.mx/restaurantes/1930162726-arepanas-mx,https://www.ubereats.com/mx/store/arepanas/KOWDJeeLVcOslVQdi7FyYA,,+524424865798,sí
romani-pizzas,Romani Pizzas y Ensaladas,Plaza Condesa,cocina-italiana;ensaladas;crepas,,"Donde se combinan sabores auténticos y recetas artesanales. Todas nuestras masas son de masa madre y nuestras frescas ensaladas elaboradas con la mejor calidad de productos. La especialidad de la casa, las crepas.",Where authentic flavors meet handmade recipes. All our doughs are sourdough and our fresh salads are made with the best quality produce. The house specialty: crepes.,lun 13:00-22:00; mar 13:00-22:00; mie 13:00-22:00; jue 13:00-22:00; vie 13:00-22:00; sab 13:00-22:00; dom 13:00-22:00,,,,,https://www.instagram.com/romanipizzasyensaladas/,https://www.facebook.com/p/Romani-Pizzas-y-Ensaladas-61577783051318/,,,,https://www.ubereats.com/mx/store/romani-pizzas-y-ensaladas-queretaro/iizOvqQBUM2KvJ8I-XBl2Q,,+524421441340,sí
casa-vieja,Taquería Casa Vieja,Plaza Condesa,taqueria,,Taquería Y Parrillada.,Taquería and grill.,lun 15:00-00:00; mar 15:00-00:00; mie 15:00-00:00; jue 15:00-00:00; vie 15:00-00:30; sab 15:00-00:30; dom 15:00-00:00,,,,,,https://www.facebook.com/p/Taquer%C3%ADa-Casa-Vieja-Zibata-100090240614595/,,,https://www.rappi.com.mx/restaurantes/1930044301-taqueria-casa-vieja,,,+524423520630,sí
bendito-bocado,Bendito Bocado,Plaza Condesa,comida-casera;desayunos,,"Be-Bo (Bendito Bocado)
No es sólo comida, es amor en cada bocado. ❤️","Be-Bo (Bendito Bocado)
It is not just food, it is love in every bite. ❤️",lun 08:30-17:00; mar 08:30-17:00; mie 08:30-17:00; jue 08:30-17:00; vie 08:30-17:00; sab 08:30-16:30; dom 09:00-14:00,,,,,https://www.instagram.com/bendito.bocado.zibata/,https://www.facebook.com/p/Bendito-Bocado-Zibat%C3%A1-61552620264859/,,,,,,+524428071516,sí
burger-fries,Burger & Fries Forever,Plaza Loop Urban,hamburguesas,hot-dogs;papas-fritas,"Creemos que todos deben disfrutar de una buena hamburguesa
sin pagar de más y queremos que cada persona que pruebe Burger and Fries Forever diga
con certeza: “¡Esto sí es una hamburguesa!”.","We believe everyone deserves a good burger
without paying extra, and we want every person who tries Burger and Fries Forever to say
with certainty: “Now this is a burger!”.",lun cerrado; mar 15:00-22:00; mie 15:00-22:00; jue 15:00-22:00; vie 15:00-22:00; sab 15:00-22:00; dom 15:00-22:00,,,,,https://www.instagram.com/burgernfriesmx/,https://www.facebook.com/burgernfriesmx,https://www.tiktok.com/@burgerandfriesmx,,,,,,sí
bocuze,Bocuze Bistró Café,Xentric Zibatá,cocina-internacional,brunch,Restaurante de Comida Internacional.,International cuisine restaurant.,lun 09:00-22:00; mar 09:00-22:00; mie 09:00-22:00; jue 09:00-23:00; vie 09:00-23:00; sab 09:00-22:00; dom 09:00-22:00,,,,https://bocuzebistromex.wixsite.com/menubocuze,https://www.instagram.com/bocuzebistro/,https://www.facebook.com/Bocuze.bistro/,,,,,,+524425498641,sí
cosi-fan-tutte,Cosi Fan Tutte,Xentric Zibatá,cocina-italiana,pizza,Auténtica cocina italiana desde 1998 🇮🇹,Authentic Italian cooking since 1998 🇮🇹,lun 13:00-22:00; mar 13:00-22:00; mie 13:00-22:00; jue 13:00-22:00; vie 13:00-23:00; sab 13:00-23:00; dom 13:00-22:00,,,,https://cosifantutterestaurante.com/,https://www.instagram.com/cosifantutteoficial/,https://www.facebook.com/cosifantutteoficial/,,,,https://www.ubereats.com/mx/store/cosi-fan-tutte-zibata/-rjNiC4bS7SIXvnio7vgBg,,+524422148299,sí
honu-sushi,Honu Sushi & Oriental,Xentric Zibatá,sushi;cocina-asiatica,poke,Honu es un restaurante fusión de cocina oriental y japonesa.,Honu is a restaurant blending Asian and Japanese cooking.,lun 14:00-21:30; mar 14:00-21:30; mie 14:00-21:30; jue 14:00-21:30; vie 14:00-21:30; sab 14:00-21:30; dom 14:00-20:00,,,,https://uniqo.de/WyUq3e?preview=true,https://www.instagram.com/honuqro/,https://www.facebook.com/honuqro/,,,https://www.rappi.com.mx/restaurantes/1923220538-honu-sushi-y-oriental,https://www.ubereats.com/mx/store/honu/v-LADPmKQ1ObQkx-uBdyZg,,+524422457023,sí
la-marmota,La Marmota Wings and Beer,Xentric Zibatá,alitas;hamburguesas,pub,Ven y conoce nuestro increíble buffet de alitas y papas acompañado de 20 diferentes tipos de salsas ¡Todos los días!,"Come and try our incredible wings and fries buffet with 20 different sauces, every single day!",lun 13:00-23:00; mar 13:00-23:00; mie 13:00-00:00; jue 13:00-01:00; vie 13:00-01:00; sab 13:00-01:00; dom 13:00-23:00,,,,https://lamarmota.com.mx/,https://www.instagram.com/lamarmotaqro/,https://www.facebook.com/LaMarmotaZibata/,,,,https://www.ubereats.com/mx/store/la-marmota-wings-and-beer-zibata/wJQHq6V1QRKNojbleSIjyg,,+524421951689,sí
romelia-cafe,Romelia Café,Xentric Zibatá,brunch;cafeteria,desayunos,"Cafetería con café de especialidad.
🥐Aquí donde la playlist es buena, pero el café mejor.
Petfriendly 🐶","Coffee shop serving specialty coffee.
🥐Where the playlist is good, but the coffee is better.
Pet friendly 🐶",lun 08:00-21:00; mar 08:00-21:00; mie 08:00-21:00; jue 08:00-21:00; vie 08:00-21:00; sab 08:00-21:00; dom 08:30-20:00,,,,,https://www.instagram.com/romeliacafe.mx/,https://www.facebook.com/p/Romelia-Caf%C3%A9-61574096951067/,,,,https://www.ubereats.com/mx/store/romelia-cafe/d0xN-HemVLqxVNIIBq7yHQ,,,sí
la-michoacana-xentric-zibata,La Michoacana,Xentric Zibatá,helados,,"La Michoacana es una marca de origen mexicano, la cual ha tenido una gran trayectoria alrededor del mundo de los helados y paletas artesanales 100% naturales.",La Michoacana is a Mexican brand with a long history in the world of 100% natural handmade ice cream and paletas.,lun 10:00-21:30; mar 10:00-21:30; mie 10:00-21:30; jue 10:00-21:30; vie 10:00-21:30; sab 10:00-21:30; dom 10:00-21:30,,,,https://www.heladoslamichoacana.net/,,,,,,,,+524522375889,sí
kazus-kitchen,Kazu's Kitchen,Plaza Zielo,cocina-asiatica,sushi,"Restaurante japonés de la chef Kazu Kumoto, Japanese Cuisine Goodwill Ambassador.","Japanese restaurant by chef Kazu Kumoto, Japanese Cuisine Goodwill Ambassador.",lun 13:00-22:00; mar 13:00-22:00; mie 13:00-22:00; jue 13:00-22:00; vie 13:00-22:00; sab 13:00-22:00; dom 13:00-22:00,,,,https://kazuskitchen.com/,https://www.instagram.com/kazuskitchen/,,,,,,,+524428717764,sí
margaritas,Bistró Margaritas by Kaos,Plaza Zielo,cocina-internacional;gastrobar,,"Cocina Internacional Gourmet
Ofrecemos un menú que combina sabores frescos y creativos para satisfacer todos los paladares.","Gourmet International Cuisine
Our menu combines fresh, creative flavors for every palate.",lun 09:00-19:00; mar 09:00-16:00; mie 10:00-16:00; jue 09:00-19:00; vie 09:00-19:00; sab 09:00-19:00; dom 09:00-17:00,,,,,https://www.instagram.com/bistromargaritasbykaos/,https://www.facebook.com/bistromargaritasbykaos/,,,,,,+524428088887,sí
santa-clara,Helados Santa Clara,Plaza Zielo,helados,,"Con Devoción, todo sabe mejor.","With devotion, everything tastes better.",lun 11:00-20:00; mar 11:00-20:00; mie 11:00-20:00; jue 11:00-20:00; vie 11:00-20:00; sab 11:00-20:00; dom 11:00-20:00,,,,,https://www.instagram.com/santaclaramx/,,,,,,,+524424948870,sí
entrecot-asador,Entrecot Asador,Plaza Zielo,asador,,"Entrecot Asador Mexicano
Chef Hugo Tellez","Entrecot Asador Mexicano
Chef Hugo Tellez",lun 07:00-23:00; mar 07:00-23:00; mie 07:00-23:00; jue 07:00-23:00; vie 07:00-23:00; sab 07:00-23:00; dom 19:00-21:00,,,,https://beacons.ai/entrecot,https://www.instagram.com/entrecotasador/,https://www.facebook.com/entrecotasador/,,,https://www.rappi.com.mx/restaurantes/1930242811-entrecot-asador,https://www.ubereats.com/mx/store/entrecot-asador-zibata-queretaro/3Q5l0FXgUKiMumSEGNcfbg,,+524425531957,sí
hot-buns,Hot Buns,Plaza Zielo,hamburguesas,papas-fritas,Smash Burgers & Hot Dogs,,lun cerrado; mar 13:00-20:30; mie 13:00-20:30; jue 13:00-20:30; vie 13:00-20:30; sab 13:00-20:30; dom 13:00-20:30,,,,,https://www.instagram.com/hotbunsmx/,https://www.facebook.com/hotbuns.zibata/,,,https://www.rappi.com.mx/restaurantes/1930007389-hot-buns-zibata,,,+524428243437,sí
escarola,Escarola Food & Health,Plaza Zielo,ensaladas,sandwiches,"🥙 Ensaladas, Paninis & Wraps","🥙 Salads, paninis & wraps",lun 12:30-20:00; mar 12:30-20:00; mie 12:30-20:00; jue 12:30-20:00; vie 12:30-20:00; dom 12:30-20:00,,,,,https://www.instagram.com/escarola_qro,https://www.facebook.com/escarola.qro/,,,https://www.rappi.com.mx/restaurantes/1923475198-escarola-food-and-health,https://www.ubereats.com/mx/store/escarola-food-and-health/LlJibRgnSGO_u_Ehwct54w,,+524425951666,sí
donatto-pizza,Donatto Pizza,Plaza Zielo,pizza,alitas,"Pizzas, Alitas, Papas, Boneless y mucho más con un toque italiano. Disfruta de nuestro exquisito.","Pizza, wings, fries, boneless wings and much more with an Italian touch. Enjoy.",lun cerrado; mar 13:00-21:00; mie 13:00-21:00; jue 13:00-21:00; vie 13:00-21:30; sab 13:00-21:00; dom 13:00-19:30,,,,,https://www.instagram.com/donattozibata/,https://www.facebook.com/p/Donatto-100075786476537/,,,,https://www.ubereats.com/mx/store/donatto-pizza/X5zMEl27XZaIG_CqCJDNDw,,+524423685285,sí
cafele,Cafele,MOL Pitahaya,cafeteria;panaderia,desayunos,"CAFELE es una cafetería con un concepto único y amigable. Nuestra especialidad es el Café, además de ofrecerte alimentos y bebidas de la más alta calidad.","CAFELE is a coffee shop with a friendly concept all its own. Coffee is our specialty, alongside food and drinks of the highest quality.",lun 07:00-21:30; mar 07:00-21:30; mie 07:00-21:30; jue 07:00-21:30; vie 07:00-21:30; sab 07:00-21:30; dom 07:00-21:30,,,,https://cafele.com.mx/pages/zibata,https://www.instagram.com/cafelemx/,https://www.facebook.com/cafelemx/?locale=es_LA,https://www.tiktok.com/@cafelemx,,,,,+524427760235,sí
hoyo-19,DiezyNueve Golf Bar,Zibatá Golf,gastrobar;desayunos,,"Comida deliciosa, excelente compañía y la mejor vista de Querétaro
El restaurante favorito de los golfistas 🏌🏼‍♂️⛳️
¡Te esperamos!","Great food, great company and the best view in Querétaro
The golfers’ favorite restaurant 🏌🏼‍♂️⛳️
We are waiting for you!",lun cerrado; mar 07:00-19:00; mie 07:00-19:00; jue 07:00-19:00; vie 07:00-19:00; sab 07:00-16:00; dom 07:00-16:00,,,,https://diezynuevezibata.wordpress.com/,https://www.instagram.com/diezynueve_zibata/,https://www.facebook.com/DiezyNueveZibata/,,,https://www.rappi.com.mx/restaurantes/1923229814-restaurante-diezynueve-zibata,,,+524423300104,sí
agave-grill,Agave Grill,Centro Zibatá,asador,taqueria,🌵 Cocina a la parrilla & experiencia gastronómica.,🌵 Grilled cooking & a dining experience.,lun 14:00-23:30; mar 14:00-23:30; mie 14:00-23:30; jue 14:00-00:30; vie 14:00-00:30; sab 14:00-00:30; dom 14:00-23:30,,,,,https://www.instagram.com/agavegrill/,https://www.facebook.com/p/Agave-Grill-61557015256230/,,,,,,+524461163277,sí
pio-poke-house,Pio Poke House & Rolls,Centro Zibatá,poke;sushi,,Poke Bowls y Sushi Rolls.,Poke bowls and sushi rolls.,lun 13:00-21:00; mar 13:00-21:00; mie 13:00-21:00; jue 13:00-21:00; vie 13:00-21:00; sab 13:00-21:00; dom 13:00-21:00,,,,,https://www.instagram.com/piopokehouseandrolls/,https://www.facebook.com/p/Pio-Poke-House-Rolls-61556511275336/,https://www.tiktok.com/@piopokehouseandrolls,,https://www.rappi.com.mx/restaurantes/1930162529-pio-poke-house-and-rolls,https://www.ubereats.com/mx/store/pio-poke-house-%26-rolls-queretaro/ijBvUEPLSGKcx1L2NzVfjg,,+524424504735,sí
lilo-bowl-bar,Lilo Bowl Bar,Centro Zibatá,acai;jugos-y-smoothies,,Bowl Revolution.,,lun 10:00-19:00; mar 10:00-19:00; mie 10:00-19:00; jue 10:00-19:00; vie 10:00-20:00; sab 10:00-20:00; dom 10:00-18:00,,,,,https://www.instagram.com/lilobowlbar/,,,,https://www.rappi.com.mx/restaurantes/1930214537-lilo-bowl-bar,,,+524461020502,sí
starbucks-centro-zibata,Starbucks,Centro Zibatá,cafeteria,,Sucursal de la cadena de cafeterías Starbucks.,A branch of the Starbucks coffee chain.,lun 06:00-21:55; mar 06:00-21:55; mie 06:00-21:55; jue 06:00-21:55; vie 06:00-21:55; sab 07:00-21:55; dom 07:00-21:55,,,,https://www.starbucks.com.mx/,,,,,,,,,sí
all-berries,All Berries,Paseo Zibatá,acai;bowls-de-fruta,jugos-y-smoothies,"Happy, fresh & berry 🫐✨
Açai & fruit bowls
Smoothies",,lun 10:00-20:00; mar 10:00-20:00; mie 10:00-20:00; jue 10:00-20:00; vie 10:00-20:00; sab 10:00-19:00; dom 10:00-19:00,,,,https://www.allberries.net/menu?menu=men%25C3%25BA,https://www.instagram.com/allberriesqro/,,,,https://www.rappi.com.mx/restaurantes/1930042721-all-berries,,,+524428335475,sí
taqueria-el-tapatio,Taquería El Tapatío,Plaza Zielo,taqueria,,"Taquería originaria de Arandas, Jalisco. No los únicos, pero sí los mejores.","A taquería from Arandas, Jalisco. Not the only ones, but the best.",lun 14:00-00:00; mar 14:00-00:00; mie 14:00-00:00; jue 14:00-00:00; vie 14:00-00:00; sab 14:00-00:00; dom 14:00-00:00,,,,,https://www.instagram.com/taqueria.el.tapatio/,,,,https://www.rappi.com.mx/restaurantes/1930113199-taqueria-el-tapatio,,,+524423639361,sí
los-del-mandil,Los del Mandil,Plaza Zielo,cocina-mexicana,desayunos,"🍳 Desayunos | 🍲 Comida mexicana
Sabor increíble que sí se antoja.
👨‍🍳 Chef Enrique Jasso","🍳 Breakfast | 🍲 Mexican food
Incredible flavor worth craving.
👨‍🍳 Chef Enrique Jasso",lun 08:00-18:00; mar 08:00-18:00; mie 08:00-18:00; jue 08:00-18:00; vie 08:00-18:00; sab 09:00-17:00; dom cerrado,,,,https://aliadogeg.my.canva.site/losdelmandil,https://www.instagram.com/losdelmandilfondafina/,https://www.facebook.com/p/Los-del-Mandil-Zibata-61568476750646/,,,,,,+524423545777,sí
tacos-el-pata-zibata,Tacos el Pata,Plaza Loop Urban,taqueria,,"Muy México, Muy Tacos.","Very Mexico, very tacos.",lun 12:00-00:00; mar 12:00-00:00; mie 12:00-00:00; jue 12:00-01:00; vie 12:00-01:00; sab 12:00-01:00; dom 12:00-00:00,,,,https://www.tacoselpata.com/en,,https://www.facebook.com/TacosElPataOficial,,,https://www.rappi.com.mx/restaurantes/1930470790-tacos-el-pata,,,+524422037819,sí
punta-cacao,Punta Cacao,Plaza Zielo,reposteria;cafeteria,,"Postres · Desayunos & Brunch.
Sin azúcar, en pequeños lotes.
Ingredientes nobles.","Desserts · Breakfast & brunch.
Sugar free, in small batches.
Honest ingredients.",lun 07:00-21:00; mar 07:00-21:00; mie 07:00-21:00; jue 07:00-21:00; vie 07:00-21:00; sab 08:00-20:00; dom 08:00-20:00,,,,https://www.puntacacao.mx/contacto/,https://www.instagram.com/puntacacao/,https://www.facebook.com/puntacacao.mx/,,,https://www.rappi.com.mx/restaurantes/1930383465-punta-cacao,,,+524423679219,sí
reposteria-eddi-mena,Repostería Eddi Mena,Paseo Zibatá,reposteria,,Los mejores postres que vayas a probar en Querétaro.,The best desserts you will taste in Querétaro.,lun 09:00-20:00; mar 09:00-20:00; mie 09:00-20:00; jue 09:00-20:00; vie 09:00-20:00; sab 09:00-20:00; dom 10:00-19:00,,,,,https://www.instagram.com/eddimena/,,,,,https://www.ubereats.com/mx/store/eddi-mena-reposteria/mtdiRsiIQO-8kAijq5mGuQ,,+524427049621,sí
marie-panaderia-artesanal,Marie Panadería Artesanal,Centro Zibatá,panaderia;reposteria,,"Marie Panadería Artesanal. Pan dulce artesanal delicioso, pan de caja con masa madre, pan de hotdog y hamburguesa para tu negocio y pasteles decorados y personalizados.","Marie Panadería Artesanal. Delicious handmade sweet bread, sourdough sandwich bread, hot dog and burger buns for your business, and decorated custom cakes.",lun 09:00-20:00; mar 09:00-20:00; mie 09:00-20:00; jue cerrado; vie 09:00-20:00; sab 09:00-20:00; dom 09:00-16:00,,,,,https://www.instagram.com/marie.panaderia.qro/,https://www.facebook.com/profile.php?id=61550993215792,,,,,,+524424666532,sí
vete-a-la-burger,Vete a la Burger,Anáhuac Querétaro,hamburguesas;pizza;alitas,,"Sede oficial dentro de las instalaciones de la Universidad Anáhuac, en donde saciaremos esa hambre de leones con estos deliciosos productos: hamburguesas, papas fritas, hot dogs, pizzas, alitas, postres y bebidas.","Official spot inside the Universidad Anáhuac campus, where we take care of that lion sized hunger with burgers, fries, hot dogs, pizza, wings, desserts and drinks.",,,,,,https://www.instagram.com/vetealaburgerqro/,https://www.facebook.com/vetealaburgerqro,,,,,,,sí
karrusel-anahuac,Karrusel,Anáhuac Querétaro,comida-casera;desayunos,,"🍽 Desayuno, comida y snacks
🍛 Menú diferente todos los días","🍽 Breakfast, lunch and snacks
🍛 A different menu every day",lun 07:00-18:00; mar 07:00-18:00; mie 07:00-18:00; jue 07:00-18:00; vie 07:00-18:00; sab 08:00-15:00,,,,https://karruselfoodservice.com/,https://www.instagram.com/karruselanahuacqro/,https://www.facebook.com/profile.php?id=61575157700625,,,,,,,sí
tortas-la-guera-anahuac,Tortas La Güera Queretana,Anáhuac Querétaro,tortas,,¡Descubre el sabor de las mejores Tortas!,Discover the taste of the best tortas!,,,,,https://www.tortaslagueraqueretana.com/,https://www.instagram.com/tortaslagueraqueretana,https://www.facebook.com/TORTASLAGUERAQUERETANA/,,,,,,,sí
la-barra-verde-anahuac,La Barra Verde,Anáhuac Querétaro,saludable;jugos-y-smoothies,entre-panes,🌿🥗 La Barra Verde ofrece comida saludable y jugos cold pressed que llenan de energía y bienestar.💚,🌿🥗 La Barra Verde serves healthy food and cold pressed juices full of energy and wellbeing.💚,,,,,https://anahuac.labarraverde.com/,https://www.instagram.com/labarraverde.qro/,,,,,,,,sí
oma-bakery-anahuac,OMA Bakery,Anáhuac Querétaro,panaderia;pasteleria;desayunos,,Bienvenidos a OMA Bakery donde la dulzura une a la familia.,"Welcome to OMA Bakery, where sweetness brings the family together.",,,,,,https://www.instagram.com/oma_bakery_mx,https://www.facebook.com/pastelesbremer/,,,,,,+524426800430,sí
diegos-house-anahuac,Diego's House,Anáhuac Querétaro,pizza;pasta,,Pizza & Pasta con calidez humana.,Pizza & pasta with a warm welcome.,,,,,,https://www.instagram.com/diegos.house/,,,,,,,,sí
chilakiles-anahuac,Los Chikaliles,Anáhuac Querétaro,desayunos,,Al chile tienes que probar los mejores chilaquiles.,"Seriously, you have to try the best chilaquiles.",lun 08:30-16:00; mar 08:30-16:00; mie 08:30-16:00; jue 08:30-16:00; vie 08:30-16:00,,,,,https://www.instagram.com/loschikaliless/,,https://www.tiktok.com/@loschikaliless,,,,,,sí
grunen-lush-anahuac,Grünen Lush,Anáhuac Querétaro,ensaladas;sandwiches;wraps,,Bar de ensaladas.,Salad bar.,,,,,,,,,,,,,,sí
oakberry-xentric-anahuac,OAKBERRY Açaí Bowls,Xentric Anáhuac,acai,,"#RespectTheOAK
🫐 Açaí #1 del mundo, directo desde la selva Amazónica🌴","#RespectTheOAK
🫐 The world’s #1 açaí, straight from the Amazon rainforest🌴",lun 10:00-21:00; mar 10:00-21:00; mie 10:00-21:00; jue 10:00-21:00; vie 10:00-21:00; sab 10:00-21:00; dom 10:00-20:00,,,,https://www.oakberry.com/es-MX,https://www.instagram.com/oakberrymexico/,https://www.facebook.com/oakberrymx/,https://www.tiktok.com/@oakberrymexico,,,https://www.ubereats.com/mx/store/oakberry-acai-bowls-zibata/Br30mP4YTneHGwhvgYLDvQ,,+524461247147,sí
burgerthoven-zibata,Burgerthoven,Xentric Anáhuac,hamburguesas,alitas;papas-fritas,"¿Estás listo para una experiencia que hará vibrar tus sentidos? En Burgerthoven Zibatá, no solo hacemos hamburguesas, componemos obras maestras. 🎶✨","Ready for an experience that will make your senses sing? At Burgerthoven Zibatá we do not just make burgers, we compose masterpieces. 🎶✨",lun 13:00-21:00; mar 13:00-21:00; mie 13:00-21:00; jue 13:00-21:00; vie 13:00-21:00; sab 14:00-21:00; dom 14:00-20:00,,,,,https://www.instagram.com/burgerthovenzibata/,https://www.facebook.com/p/Burgerthoven-Zibat%C3%A1-61586461665017/,,,,https://www.ubereats.com/mx/store/burgerthoven-zibata/IIyATdQ1XFeckUVXsGHpag,,+524461117775,sí
mr-bagel-zibata,Mr. Bagel,Xentric Anáhuac,bagels,,"You can't buy happiness, but you can buy bagels.",,"lun 09:00-13:00, 18:00-22:00; mar 09:00-13:00, 18:00-22:00; mie 09:00-13:00, 18:00-22:00; jue 09:00-13:00, 18:00-22:00; vie 09:00-13:00, 18:00-22:00; sab 09:00-13:00, 18:00-22:00; dom cerrado",,,,,,https://www.facebook.com/Mr.BagelMx/,,,https://www.rappi.com.mx/restaurantes/1930176459-mr-bagel,,,+524461414210,sí
castore-mx-zibata,Castore MX Game & Snack,Xentric Anáhuac,hamburguesas;alitas;ramen,,"🎮 Game & Snack en Zibatá
🍔 Juega, come y reta a tus amigos
🏆 Torneos | Retos | Premios","🎮 Game & Snack in Zibatá
🍔 Play, eat and challenge your friends
🏆 Tournaments | Challenges | Prizes",lun cerrado; mar 11:00-21:00; mie 11:00-21:00; jue 11:00-21:00; vie 11:00-21:00; sab 10:00-21:00; dom 10:00-21:00,,,,https://castore-mx-game-snack.netlify.app/,https://www.instagram.com/castoremx_game_and_snack/,https://www.facebook.com/CastoremxGameandSnack/,https://www.tiktok.com/@castoremx_gameandsnack,,https://www.rappi.com.mx/restaurantes/1930420463-castore-game-y-snack,https://www.ubereats.com/mx/store/castore-game-%26-snack-queretaro/5193dJl7RdC9my9qaYk6Ww,,+524461475494,sí
la-lorenza-xentric-anahuac,La Lorenza,Xentric Anáhuac,taqueria,,"🔥 Taquería Gastronómica de Fuego
El ingrediente es el origen.
El fuego, nuestro carácter.","🔥 A taquería of fire and flavor
The ingredient is the origin.
The fire, our character.",lun 12:00-22:00; mar 12:00-22:00; mie 12:00-22:00; jue 12:00-23:00; vie 12:00-23:00; sab 12:00-23:00; dom 12:00-21:00,,,,https://www.grupocuna.mx/la-lorenza.html,https://www.instagram.com/lalorenzaqro/,https://www.facebook.com/p/La-Lorenza-Qro-61554771831316/,,,https://www.rappi.com.mx/restaurantes/1930423405-la-lorenza-juriquilla,,,+524424507102,sí
nutrisa-xentric-anahuac,Nutrisa,Xentric Anáhuac,helados,,Sucursal de la cadena de helados de yogur Nutrisa.,A branch of the Nutrisa frozen yogurt chain.,lun 11:00-21:00; mar 11:00-21:00; mie 11:00-21:00; jue 11:00-21:00; vie 11:00-21:00; sab 11:00-21:00; dom 11:00-21:00,,,,https://www.nutrisa.com/,,,,,,,,,sí
wake-cup-xentric-anahuac,Wake Cup Panadería y Cafetería,Xentric Anáhuac,panaderia;cafeteria,,"🍞Artesanal-Masa madre
☕️Café, Pan, Desayunos, Tés, etc.","🍞Handmade sourdough
☕️Coffee, bread, breakfast, tea and more.",lun 08:00-21:00; mar 08:00-21:00; mie 08:00-21:00; jue 08:00-21:00; vie 08:00-21:00; sab 08:00-21:00; dom 08:00-21:00,,,,,https://www.instagram.com/wake.cup.panaderia/,https://www.facebook.com/p/WakeCup-Panaderia-y-Cafeteria-61576131335851/,,,,,,,sí
henko-juice-bar,Henko Juice Bar,Xentric Anáhuac,jugos-y-smoothies,,"Fresh drinks
Fresh habits
Fresh mindset 🍃
🥤 Juice Bar",,lun 08:00-15:00; mar 08:00-15:00; mie 08:00-15:00; jue 08:00-15:00; vie 08:00-15:00; sab 08:30-14:00; dom cerrado,,,,,https://www.instagram.com/henkojuice/,https://www.facebook.com/p/Henko-Juice-Bar-61574690735255/,,,,https://www.ubereats.com/mx/store/henko-queretaro/33nk0t72VDaln32czppmpw,,+525525158124,sí
kekas-fritas-el-xavi,Kekas Fritas el Xavi,Xentric Zibatá,quesadillas,,"🌮✨ ¡El verdadero sabor está en Kekas Fritas El Xavi! ✨🌮
Ven a probar nuestras quesadillas fritas: doraditas, crujientes y rellenas con los guisados más sabrosos, hechos en casa con puro sazón mexicano.","🌮✨ The real flavor is at Kekas Fritas El Xavi! ✨🌮
Come and try our fried quesadillas: golden, crispy and filled with the tastiest homemade stews, with pure Mexican seasoning.",mar 15:00-23:00; mie 15:00-23:00; jue 15:00-23:00; vie 15:00-23:00; sab 15:00-23:00; dom 15:00-23:00,,,,,,,,,https://www.rappi.com.mx/restaurantes/1930255452-kekas-fritas-el-xavi,,,+524462870628,sí
sazon-de-nassar,El Sazón de Nassar,Xentric Zibatá,comida-casera,,Comida casera • 1984,Home cooking • 1984,lun 12:00-16:00; mar 12:00-16:00; mie 12:00-16:00; jue 12:00-16:00; vie 12:00-16:00,,,,,https://www.instagram.com/elsazondenassar/,,,,,,,+524427845193,sí
sweet-crepe-zibata,Sweet Crepe,Paseo Zibatá,crepas,cafeteria,"🥞 La crepería favorita de Zibatá
✨ Crepas, frappes y snacks irresistibles","🥞 Zibatá’s favorite creperie
✨ Crepes, frappes and snacks you cannot resist",lun 11:00-21:00; mar 11:00-21:00; mie 11:00-21:00; jue 11:00-21:00; vie 11:00-21:00; sab 11:00-21:00; dom 11:00-21:00,,,,,https://www.instagram.com/sweetcrepezibata/,https://www.facebook.com/people/Sweet-Crepe/61589324548933/,,,,,,+524422317792,sí
sana-corazon,Sana Corazón,Paseo Zibatá,bar,,"En Sana Corazón vivirás una experiencia única con una temática inspirada en un hospital, donde las heridas del amor se alivian bailando, cantando y brindando.","At Sana Corazón you will find a one of a kind experience themed around a hospital, where the wounds of love are healed by dancing, singing and raising a glass.",lun cerrado; mar cerrado; mie cerrado; jue 18:00-03:00; vie 18:00-03:00; sab 18:00-03:00; dom cerrado,,,,,https://www.instagram.com/sanacorazonzibata/,https://www.facebook.com/sanacorazonzibata/,,,,,,+524427129939,sí
enzza-pizza-zibata,Enzza Pizza,Paseo Zibatá,pizza,,Pizza artesanal.,Handmade pizza.,lun 13:30-22:00; mar 13:30-22:00; mie 13:30-22:00; jue 13:30-22:00; vie 13:30-22:00; sab 13:30-22:00; dom 13:30-22:00,,,,,https://www.instagram.com/enzzapizza/,https://www.facebook.com/profile.php?id=100090174960318,,,,https://www.ubereats.com/mx/store/enzza-pizza/v9MZ9juHWGyao8m0hzQ7jw,,+524436074114,sí
eme-cafe,Eme Café,Plaza Condesa,brunch;cafeteria,,"Del grano a la taza☕️
🌿Snacks saludables y ambiente chill
Tu dosis diaria de creatividad, bienestar y café","From bean to cup☕️
🌿Healthy snacks and a chill atmosphere
Your daily dose of creativity, wellbeing and coffee",lun 09:00-21:00; mar 09:00-21:00; mie 09:00-21:00; jue 09:00-21:00; vie 09:00-21:00; sab 09:00-21:00; dom 09:00-19:00,,,,,https://www.instagram.com/emecafe.qro/,https://www.facebook.com/p/Eme-Caf%C3%A9-QRO-61586163087358/,,,https://www.rappi.com.mx/restaurantes/1930381080-eme-cafe-qro,,,,sí
mykona-frozen-yogurt,Myköna Frozen Yogurt,Plaza Condesa,helados,,"Momentos fríos, sabores increíbles.
Así se vive Myköna Frozen Yogurt,
el sabor que te enamora.🍦💙","Cold moments, incredible flavors.
That is Myköna Frozen Yogurt,
the taste you fall for.🍦💙",lun 10:00-19:00; mar 10:00-19:00; mie 10:00-19:00; jue 10:00-19:00; vie 10:00-19:00; sab 10:00-19:00; dom 10:00-19:00,,,,https://mykona.mx/,https://www.instagram.com/mykona.froyo/,https://www.facebook.com/profile.php?id=61584694665963,https://www.tiktok.com/@mykona.froyo,,,,,+524422745876,sí
enchilokos,Enchilokos,Plaza Condesa,papas-preparadas,,Desde la Mochila 🎒 hasta Qro ⛰️,From the backpack 🎒 all the way to Qro ⛰️,lun 15:30-21:30; mar 15:30-21:30; mie 15:30-21:30; jue 15:30-21:30; vie 15:30-21:30; sab 15:30-21:30; dom 15:30-21:30,,,,,https://www.instagram.com/enchilokos.qro/,,https://www.tiktok.com/@enchilokos.qro,,,,,+526681515002,sí
enoff-zibata,Enoff,Plaza Loop Urban,brunch;cafeteria;reposteria,,Easy bakery & coffee.,,lun 07:00-21:00; mar 07:00-21:00; mie 07:00-21:00; jue 07:00-21:00; vie 07:00-21:00; sab 07:00-21:00; dom 07:00-19:00,,,,,https://www.instagram.com/enoff.mx/,,,,https://www.rappi.com.mx/restaurantes/1930472334-enoff,,,,sí
nomad-zibata,NOMAD,Plaza Loop Urban,alto-en-proteina;jugos-y-smoothies,,"Bar de smoothies de proteína 🥤
Fuel your move ✨
Your new healthy obsession","Protein smoothie bar 🥤
Fuel your move ✨
Your new healthy obsession","lun 07:00-12:00, 15:30-20:30; mar 07:00-12:00, 15:30-20:30; mie 07:00-12:00, 15:30-20:30; jue 07:00-12:00, 15:30-20:30; vie 07:00-12:00, 15:30-20:30; sab 07:30-12:30; dom 07:30-12:30",,,,https://www.nomadpb.com,https://www.instagram.com/nomadproteinbar/,,,,,,,+524424890070,sí
luka-anahuac,Luka,Anáhuac Querétaro,poke,,"JUST POKE & FUN 🍚😎🍚😎
Est. 2018",,,,,,https://www.lukapokes.com/,https://www.instagram.com/lukapokes,https://www.facebook.com/LukaPokehouse/,https://www.tiktok.com/@lukapokes,,,,,,sí
sinforosa-anahuac,Sinforosa Café,Anáhuac Querétaro,brunch;cafeteria,reposteria,Compartiendo tus mejores momentos.,Sharing your best moments.,,,,,,,https://www.facebook.com/sinforosa.cafe/,https://www.tiktok.com/@sinforosa.cafe,,,,,,sí
starbucks-anahuac,Starbucks,Anáhuac Querétaro,cafeteria,desayunos,Cafetería de la cadena Starbucks dentro del campus de la Universidad Anáhuac.,A Starbucks coffee shop inside the Universidad Anáhuac campus.,,,,,https://www.starbucks.com.mx/,,,,,,,,,sí
baguettia-plaza-luna,Baguettia,Plaza Luna,baguettes,,FAST FRENCH 🇫🇷,,lun 08:00-20:00; mar 08:00-20:00; mie 08:00-20:00; jue 08:00-20:00; vie 08:00-20:00; sab 10:00-18:00; dom 10:00-18:00,,,,,https://www.instagram.com/baguettia.mx,https://www.facebook.com/profile.php?id=61588211764982,,,,,,+524776961354,sí
smoothie-lab-plaza-luna,Smoothie Lab,Plaza Luna,jugos-y-smoothies;alto-en-proteina,,"Your body asks for it ⚡️
Smoothies Healthy
Sin Azúcar + Proteína","Your body asks for it ⚡️
Healthy smoothies
Sugar free + protein",lun 08:00-20:00; mar 08:00-20:00; mie 08:00-20:00; jue 08:00-20:00; vie 08:00-20:00; sab 09:00-17:00; dom 09:00-17:00,,,,,https://www.instagram.com/smoothie_lab_/,,,,,,,+525650413146,sí
